cve,post_count,earliest_post_iso_utc,earliest_post_epoch,nvd_found,nvd_published,nvd_last_modified,cvss_score,cvss_severity,cvss_vector,lead_days,lead_hours,subreddits,example_urls
CVE-2025-24293,1,2025-08-20T14:20:06+00:00,1755699606,true,2026-01-30T21:15:55.677,2026-02-04T16:34:21.763,,,,163.289,3918.93,rails,https://reddit.com/r/rails/comments/1mvg52f/rails_cve202555193_and_cve202524293/
CVE-2025-59529,1,2025-11-18T17:11:47+00:00,1763485907,true,2025-12-18T21:15:53.637,2026-01-16T16:50:20.183,5.5,MEDIUM,CVSS:3.1/AV:L/AC:L/PR:L/UI:N/S:U/C:N/I:N/A:H,30.17,724.069,linux,https://reddit.com/r/linux/comments/1p0hnb4/avahi_dos_vulnerability_cve202559529_logic_flaw/
CVE-2025-9615,1,2025-12-27T23:06:55+00:00,1766876815,true,2026-01-26T20:16:09.207,2026-01-27T14:59:34.073,3.3,LOW,CVSS:3.0/AV:L/AC:L/PR:L/UI:N/S:U/C:L/I:N/A:N,29.881,717.154,AerynOS,https://reddit.com/r/AerynOS/comments/1pxbd0u/unstable_stream_updates_27th_of_december_2025/
CVE-2019-0984,1,2019-05-15T13:57:44+00:00,1557928664,true,2019-06-12T14:29:02.103,2025-05-20T18:15:32.840,7.0,HIGH,CVSS:3.1/AV:L/AC:H/PR:L/UI:N/S:U/C:H/I:H/A:H,28.022,672.522,rapid7,https://reddit.com/r/rapid7/comments/boy98i/how_soon_are_vulns_added_to_insight/
CVE-2025-6018,1,2025-06-27T19:54:11+00:00,1751054051,true,2025-07-23T15:15:34.810,2025-11-04T22:16:42.873,7.8,HIGH,CVSS:3.1/AV:L/AC:L/PR:L/UI:N/S:U/C:H/I:H/A:H,25.807,619.357,linux,https://reddit.com/r/linux/comments/1lm3e9r/vulnerability_alert_easy_root_on_most_linux/
CVE-2019-13057,1,2019-07-24T21:02:31+00:00,1564002151,true,2019-07-26T13:15:12.317,2024-11-21T04:24:07.423,4.9,MEDIUM,CVSS:3.1/AV:N/AC:L/PR:H/UI:N/S:U/C:H/I:N/A:N,1.675,40.211,ldap,https://reddit.com/r/ldap/comments/chdyl4/openldap_2448_available_lmdb_0924_available/
CVE-2019-13565,1,2019-07-24T21:02:31+00:00,1564002151,true,2019-07-26T13:15:12.720,2024-11-21T04:25:11.190,7.5,HIGH,CVSS:3.1/AV:N/AC:L/PR:N/UI:N/S:U/C:H/I:N/A:N,1.675,40.212,ldap,https://reddit.com/r/ldap/comments/chdyl4/openldap_2448_available_lmdb_0924_available/
CVE-2025-48057,1,2025-05-27T11:56:50+00:00,1748347010,true,2025-05-27T17:15:26.387,2025-12-05T00:12:22.747,9.8,CRITICAL,CVSS:3.1/AV:N/AC:L/PR:N/UI:N/S:U/C:H/I:H/A:H,0.221,5.31,icinga,https://reddit.com/r/icinga/comments/1kwld5r/important_icinga_2_security_fix_releases_2146/
CVE-2025-13027,1,2025-11-11T14:18:50+00:00,1762870730,true,2025-11-11T16:15:39.820,2025-11-19T20:15:52.243,8.1,HIGH,CVSS:3.1/AV:N/AC:H/PR:N/UI:N/S:U/C:H/I:H/A:H,0.081,1.947,linux,https://reddit.com/r/linux/comments/1oualms/firefox_1450_see_all_new_features_updates_and/
CVE-2025-22230,1,2025-03-25T14:22:18+00:00,1742912538,true,2025-03-25T14:15:28.440,2025-03-27T16:45:46.410,7.8,HIGH,CVSS:3.1/AV:L/AC:L/PR:L/UI:N/S:U/C:H/I:H/A:H,-0.005,-0.114,vmware,https://reddit.com/r/vmware/comments/1jjkivb/vmsa20250005_vmware_tools_for_windows_update/
CVE-2025-55182,11,2025-12-03T18:01:44+00:00,1764784904,true,2025-12-03T16:15:56.463,2025-12-10T02:00:02.557,10.0,CRITICAL,CVSS:3.1/AV:N/AC:L/PR:N/UI:N/S:C/C:H/I:H/A:H,-0.073,-1.763,Deno;Wordpress;coolify;django;javascript;node;react;reactjs,https://reddit.com/r/django/comments/1qklaj0/i_built_a_tool_for_scanning_web_apps/;https://reddit.com/r/Wordpress/comments/1pugekb/wordpress_vps_keeps_getting_suspended_for_ddos/;https://reddit.com/r/react/comments/1pny3ge/any_toughts_on_exploit_react2shell_cve202555182/;https://reddit.com/r/node/comments/1pjzh47/any_server_side_js_code_like/;https://reddit.com/r/coolify/comments/1pif5oy/cve202555182_known_as_react2shell_free_blocklist/
CVE-2025-53547,1,2025-07-09T05:57:57+00:00,1752040677,true,2025-07-08T22:15:27.897,2025-09-03T16:26:24.770,8.5,HIGH,CVSS:3.1/AV:L/AC:L/PR:N/UI:R/S:C/C:L/I:H/A:H,-0.321,-7.708,kubernetes,https://reddit.com/r/kubernetes/comments/1lvb83n/helm_local_code_execution_via_a_malicious_chart/
CVE-2025-66478,4,2025-12-04T02:54:02+00:00,1764816842,true,2025-12-03T18:15:47.200,2025-12-03T18:15:47.200,,,,-0.36,-8.637,Wordpress;django;node;reactjs,https://reddit.com/r/django/comments/1qklaj0/i_built_a_tool_for_scanning_web_apps/;https://reddit.com/r/Wordpress/comments/1pugekb/wordpress_vps_keeps_getting_suspended_for_ddos/;https://reddit.com/r/node/comments/1pf9xqj/got_hacked_with_sexsh/;https://stackoverflow.com/questions/79837478/what-is-react-server-components-vulnerability-cve-2025-55182-and-how-does-it-aff
CVE-2025-1974,2,2025-03-25T09:03:31+00:00,1742893411,true,2025-03-25T00:15:14.753,2026-02-04T20:16:02.920,9.8,CRITICAL,CVSS:3.1/AV:N/AC:L/PR:N/UI:N/S:U/C:H/I:H/A:H,-0.367,-8.805,kubernetes,https://reddit.com/r/kubernetes/comments/1jjhzsm/bitnami_nginx_ingress_controller_fix_for_critical/;https://reddit.com/r/kubernetes/comments/1jjf2mu/ingressnginx_cve20251974_what_it_is_and_how_to/
CVE-2026-20841,2,2026-02-11T11:49:54+00:00,1770810594,true,2026-02-10T18:16:22.643,2026-02-25T14:32:14.467,7.8,HIGH,CVSS:3.1/AV:L/AC:L/PR:N/UI:R/S:U/C:H/I:H/A:H,-0.732,-17.559,software;sysadmin,https://reddit.com/r/software/comments/1r20649/microsofts_notepad_got_pwned/;https://reddit.com/r/sysadmin/comments/1r1vaon/windows_notepad_app_remote_code_execution/
CVE-2025-25015,1,2025-03-06T09:41:22+00:00,1741254082,true,2025-03-05T10:15:20.160,2025-10-02T17:53:04.750,9.9,CRITICAL,CVSS:3.1/AV:N/AC:L/PR:L/UI:N/S:C/C:H/I:H/A:H,-0.976,-23.434,elasticsearch,https://reddit.com/r/elasticsearch/comments/1j4rw7c/kibana_authenticated_viewer_arbitrary_code/
CVE-2025-6554,1,2025-07-02T00:50:53+00:00,1751417453,true,2025-06-30T22:15:29.873,2025-10-24T14:11:20.707,8.1,HIGH,CVSS:3.1/AV:N/AC:L/PR:N/UI:R/S:U/C:H/I:H/A:N,-1.108,-26.59,chrome,https://reddit.com/r/chrome/comments/1lpij7v/chromebook_not_updating_to_the_new_update_that/
CVE-2025-64756,2,2025-11-18T21:18:54+00:00,1763500734,true,2025-11-17T18:15:58.270,2025-12-02T19:34:43.270,7.5,HIGH,CVSS:3.1/AV:N/AC:H/PR:L/UI:N/S:U/C:H/I:H/A:H,-1.127,-27.049,node,https://reddit.com/r/node/comments/1qgcznb/managing_30_nodejs_projects_how_do_you_track_cve/;https://reddit.com/r/node/comments/1p0o9wd/whats_this_glob_npm_madness_suddenly_every_nodejs/
CVE-2025-68260,2,2025-12-17T18:23:57+00:00,1765995837,true,2025-12-16T15:15:55.430,2025-12-18T15:08:06.237,,,,-1.131,-27.134,linux;rust,https://reddit.com/r/linux/comments/1pp8h3d/linux_kernel_rust_code_sees_its_first_cve/;https://reddit.com/r/rust/comments/1pp3y9e/linux_kernel_rust_code_sees_its_first_cve/
CVE-2025-5419,1,2025-06-04T08:02:09+00:00,1749024129,true,2025-06-03T00:15:21.043,2025-10-24T14:06:46.073,8.8,HIGH,CVSS:3.1/AV:N/AC:L/PR:N/UI:R/S:U/C:H/I:H/A:H,-1.324,-31.78,chrome,https://reddit.com/r/chrome/comments/1l2zxcb/update_chrome_today_new_0day_vulnerability/
CVE-2025-61884,1,2025-10-13T15:26:31+00:00,1760369191,true,2025-10-12T03:15:34.720,2025-10-27T17:08:49.037,7.5,HIGH,CVSS:3.1/AV:N/AC:L/PR:N/UI:N/S:U/C:H/I:N/A:N,-1.508,-36.182,oracle,https://reddit.com/r/oracle/comments/1o5mt2j/oracles_urgent_security_update_addresses_new/
CVE-2026-2441,2,2026-02-15T10:43:31+00:00,1771152211,true,2026-02-13T19:17:31.310,2026-02-23T13:24:55.920,8.8,HIGH,CVSS:3.1/AV:N/AC:L/PR:N/UI:R/S:U/C:H/I:H/A:H,-1.643,-39.433,MicrosoftEdge,https://reddit.com/r/MicrosoftEdge/comments/1r6our7/edge_v1450380058_no_release_notes/;https://reddit.com/r/MicrosoftEdge/comments/1r5bn1t/zeroday_exploit_cve2026441_is_your_crypto_wallet/
CVE-2025-66412,1,2025-12-03T16:18:03+00:00,1764778683,true,2025-12-01T23:15:53.890,2026-02-20T16:37:23.807,5.4,MEDIUM,CVSS:3.1/AV:N/AC:L/PR:L/UI:R/S:C/C:L/I:L/A:N,-1.71,-41.036,angular,https://reddit.com/r/angular/comments/1pd8kh0/why_the_spike_in_angular_cves_this_year/
CVE-2025-0282,2,2025-01-10T17:02:02+00:00,1736528522,true,2025-01-08T23:15:09.763,2025-10-24T13:54:58.783,9.0,CRITICAL,CVSS:3.1/AV:N/AC:H/PR:N/UI:N/S:C/C:H/I:H/A:H,-1.741,-41.781,Fortra;react,https://reddit.com/r/react/comments/1pf4fyi/cve_recon_without_the_noise_direct_links_to_real/;https://reddit.com/r/Fortra/comments/1hy93sg/10jan2025_cve20250282_cve20250283_ivanti/
CVE-2025-0283,1,2025-01-10T17:02:02+00:00,1736528522,true,2025-01-08T23:15:09.920,2025-01-14T15:58:55.813,7.0,HIGH,CVSS:3.1/AV:L/AC:H/PR:L/UI:N/S:U/C:H/I:H/A:H,-1.741,-41.781,Fortra,https://reddit.com/r/Fortra/comments/1hy93sg/10jan2025_cve20250282_cve20250283_ivanti/
CVE-2025-8110,1,2025-12-12T08:44:31+00:00,1765529071,true,2025-12-10T14:16:19.847,2026-01-20T13:47:34.450,8.8,HIGH,CVSS:3.1/AV:N/AC:L/PR:L/UI:N/S:U/C:H/I:H/A:H,-1.77,-42.47,linux,https://reddit.com/r/linux/comments/1pkn2ms/gogs_selfhosted_git_service_written_in_go_zeroday/
CVE-2025-54068,1,2025-07-19T14:17:04+00:00,1752934624,true,2025-07-17T19:15:25.470,2025-08-27T14:36:24.613,9.8,CRITICAL,CVSS:3.1/AV:N/AC:L/PR:N/UI:N/S:U/C:H/I:H/A:H,-1.793,-43.027,laravel,https://reddit.com/r/laravel/comments/1m3xbk8/cve202554068_9210_livewire_v3_is_vulnerable_to/
CVE-2025-30154,1,2025-03-21T18:01:45+00:00,1742580105,true,2025-03-19T16:15:33.780,2025-10-24T13:58:58.223,8.6,HIGH,CVSS:3.1/AV:N/AC:L/PR:N/UI:N/S:C/C:H/I:N/A:N,-2.074,-49.77,github,https://reddit.com/r/github/comments/1jgn6yi/github_actions_supply_chain_attack_tjactions/
CVE-2025-27591,2,2025-03-14T02:20:58+00:00,1741918858,true,2025-03-11T19:15:43.390,2025-07-03T14:40:01.117,6.8,MEDIUM,CVSS:3.1/AV:L/AC:L/PR:N/UI:N/S:U/C:L/I:H/A:N,-2.295,-55.087,linux;rust,https://reddit.com/r/rust/comments/1jatht8/below_world_writable_directory_in_varlogbelow/;https://reddit.com/r/linux/comments/1jathij/below_world_writable_directory_in_varlogbelow/
CVE-2025-62518,2,2025-10-24T00:46:29+00:00,1761266789,true,2025-10-21T17:15:40.563,2025-10-21T19:31:25.450,8.1,HIGH,CVSS:3.1/AV:N/AC:L/PR:N/UI:R/S:U/C:H/I:H/A:N,-2.313,-55.513,linux;rust,https://reddit.com/r/rust/comments/1ogfpk5/tarmageddon_cve202562518_rce_vulnerability/;https://reddit.com/r/linux/comments/1oek5lt/tarmageddon_strikes_high_profile_security/
CVE-2026-0915,1,2026-01-18T19:06:30+00:00,1768763190,true,2026-01-15T22:16:12.457,2026-01-23T19:36:50.730,7.5,HIGH,CVSS:3.1/AV:N/AC:L/PR:N/UI:N/S:U/C:H/I:N/A:N,-2.868,-68.838,linux,https://reddit.com/r/linux/comments/1qgh9po/cve20260915_gnu_c_library_fixes_a_security_issue/
CVE-2026-1731,2,2026-02-09T20:30:31+00:00,1770669031,true,2026-02-06T22:16:11.020,2026-02-17T13:40:10.320,9.8,CRITICAL,CVSS:3.1/AV:N/AC:L/PR:N/UI:N/S:U/C:H/I:H/A:H,-2.927,-70.239,sysadmin,https://reddit.com/r/sysadmin/comments/1r3wb9v/beyondtrust_gets_hit_again_preauth_rce_in_remote/;https://reddit.com/r/sysadmin/comments/1r0flm2/patch_available_for_99_cve_in_beyondtrust_remote/
CVE-2025-40778,1,2025-10-28T17:12:55+00:00,1761671575,true,2025-10-22T16:15:42.520,2025-11-04T22:16:11.677,8.6,HIGH,CVSS:3.1/AV:N/AC:L/PR:N/UI:N/S:C/C:N/I:H/A:N,-6.04,-144.953,linux,https://reddit.com/r/linux/comments/1oifa9b/poc_code_drops_for_remotely_exploitable_bind_9/
CVE-2025-59419,2,2025-10-21T22:39:50+00:00,1761086390,true,2025-10-15T16:15:35.290,2025-10-17T20:15:40.663,,,,-6.267,-150.404,java,https://reddit.com/r/java/comments/1odgtxy/subtle_smtp_encoding_bug_in_netty_cve202559419/;https://reddit.com/r/java/comments/1ocregz/subtle_smtp_parsing_bug_in_netty_cve202559419_now/
CVE-2025-30066,1,2025-03-21T18:01:45+00:00,1742580105,true,2025-03-15T06:15:12.193,2025-11-05T19:27:53.740,8.6,HIGH,CVSS:3.1/AV:N/AC:L/PR:N/UI:N/S:C/C:H/I:N/A:N,-6.491,-155.776,github,https://reddit.com/r/github/comments/1jgn6yi/github_actions_supply_chain_attack_tjactions/
CVE-2026-25253,1,2026-02-08T12:10:09+00:00,1770552609,true,2026-02-01T23:15:49.717,2026-02-13T17:41:02.987,8.8,HIGH,CVSS:3.1/AV:N/AC:L/PR:N/UI:R/S:U/C:H/I:H/A:H,-6.538,-156.905,openclaw,https://reddit.com/r/openclaw/comments/1qz7c5h/openclaw_has_no_opensource_runtime_defense_im_a/
CVE-2025-55193,2,2025-08-20T14:20:06+00:00,1755699606,true,2025-08-13T23:15:26.237,2025-08-14T13:11:53.633,,,,-6.628,-159.078,rails,https://reddit.com/r/rails/comments/1mvgvri/exploring_the_ansi_escape_injection_in_active/;https://reddit.com/r/rails/comments/1mvg52f/rails_cve202555193_and_cve202524293/
CVE-2025-66035,1,2025-12-03T16:18:03+00:00,1764778683,true,2025-11-26T23:15:49.550,2025-12-01T15:39:33.110,,,,-6.71,-161.037,angular,https://reddit.com/r/angular/comments/1pd8kh0/why_the_spike_in_angular_cves_this_year/
CVE-2025-36245,1,2025-10-07T14:55:18+00:00,1759848918,true,2025-09-29T23:15:30.533,2025-10-18T01:24:24.603,8.8,HIGH,CVSS:3.1/AV:N/AC:L/PR:L/UI:N/S:U/C:H/I:H/A:H,-7.653,-183.663,IBM,https://reddit.com/r/IBM/comments/1o0h1m3/cve202536245_critical_command_injection/
CVE-2025-6019,1,2025-06-27T19:54:11+00:00,1751054051,true,2025-06-19T12:15:19.727,2025-07-10T14:15:26.630,7.0,HIGH,CVSS:3.1/AV:L/AC:H/PR:L/UI:N/S:U/C:H/I:H/A:H,-8.319,-199.648,linux,https://reddit.com/r/linux/comments/1lm3e9r/vulnerability_alert_easy_root_on_most_linux/
CVE-2025-46599,1,2025-05-08T17:03:08+00:00,1746723788,true,2025-04-25T05:15:33.330,2025-04-29T13:52:28.490,6.8,MEDIUM,CVSS:3.1/AV:N/AC:H/PR:N/UI:N/S:C/C:H/I:N/A:N,-13.491,-323.793,kubernetes,https://reddit.com/r/kubernetes/comments/1khv9qx/cve202546599_k3s_132_before_1324rc1k3s1/
CVE-2025-53786,1,2025-08-20T11:43:12+00:00,1755690192,true,2025-08-06T16:15:30.700,2026-02-27T03:38:01.227,8.0,HIGH,CVSS:3.1/AV:N/AC:H/PR:H/UI:N/S:C/C:H/I:H/A:H,-13.811,-331.461,tenable,https://reddit.com/r/tenable/comments/1mvcfye/another_tenable_l/
CVE-2025-55752,2,2025-11-11T00:13:31+00:00,1762820011,true,2025-10-27T18:15:42.283,2025-11-14T17:44:41.047,7.5,HIGH,CVSS:3.1/AV:N/AC:H/PR:L/UI:N/S:U/C:H/I:H/A:H,-14.248,-341.964,apache;java,https://reddit.com/r/java/comments/1ow7yjn/apache_tomcat_cve202555752_cve202555754_and/;https://reddit.com/r/apache/comments/1otup4e/apache_tomcat_cve202555752_cve202555754_and/
CVE-2025-55754,2,2025-11-11T00:13:31+00:00,1762820011,true,2025-10-27T18:15:42.710,2025-11-14T17:37:41.767,9.6,CRITICAL,CVSS:3.1/AV:N/AC:L/PR:N/UI:R/S:C/C:H/I:H/A:H,-14.248,-341.963,apache;java,https://reddit.com/r/java/comments/1ow7yjn/apache_tomcat_cve202555752_cve202555754_and/;https://reddit.com/r/apache/comments/1otup4e/apache_tomcat_cve202555752_cve202555754_and/
CVE-2025-61795,2,2025-11-11T00:13:31+00:00,1762820011,true,2025-10-27T18:15:44.200,2025-11-14T16:53:33.300,5.3,MEDIUM,CVSS:3.1/AV:N/AC:H/PR:L/UI:N/S:U/C:N/I:N/A:H,-14.248,-341.963,apache;java,https://reddit.com/r/java/comments/1ow7yjn/apache_tomcat_cve202555752_cve202555754_and/;https://reddit.com/r/apache/comments/1otup4e/apache_tomcat_cve202555752_cve202555754_and/
CVE-2026-22039,2,2026-02-13T23:42:45+00:00,1771026165,true,2026-01-27T17:16:12.097,2026-02-02T15:13:57.440,9.9,CRITICAL,CVSS:3.1/AV:N/AC:L/PR:L/UI:N/S:C/C:H/I:H/A:H,-17.268,-414.442,kubernetes,https://reddit.com/r/kubernetes/comments/1r6eq9j/kubewarden_not_affected_by_crossns_privilege/;https://reddit.com/r/kubernetes/comments/1r44yxo/cve202622039_how_an_admission_controller/
CVE-2025-14436,1,2026-01-29T02:57:09+00:00,1769655429,true,2026-01-08T22:16:01.010,2026-01-13T14:03:46.203,7.2,HIGH,CVSS:3.1/AV:N/AC:L/PR:N/UI:N/S:C/C:L/I:L/A:N,-20.195,-484.686,Wordpress,https://reddit.com/r/Wordpress/comments/1qpwn4w/brevo_for_woocommerce_plugin_stored_xss_led_to/
CVE-2024-42516,1,2025-08-05T16:01:17+00:00,1754409677,true,2025-07-10T17:15:45.343,2025-11-04T22:16:02.943,7.5,HIGH,CVSS:3.1/AV:N/AC:L/PR:N/UI:N/S:U/C:N/I:H/A:N,-25.948,-622.759,nmap,https://reddit.com/r/nmap/comments/1mid4zi/vulners_exploit_warning/
CVE-2024-43204,1,2025-08-05T16:01:17+00:00,1754409677,true,2025-07-10T17:15:45.987,2025-11-04T22:16:03.450,7.5,HIGH,CVSS:3.1/AV:N/AC:L/PR:N/UI:N/S:U/C:N/I:H/A:N,-25.948,-622.759,nmap,https://reddit.com/r/nmap/comments/1mid4zi/vulners_exploit_warning/
CVE-2024-43394,1,2025-08-05T16:01:17+00:00,1754409677,true,2025-07-10T17:15:46.133,2025-11-04T22:16:03.600,7.5,HIGH,CVSS:3.1/AV:N/AC:L/PR:N/UI:N/S:U/C:H/I:N/A:N,-25.948,-622.759,nmap,https://reddit.com/r/nmap/comments/1mid4zi/vulners_exploit_warning/
CVE-2024-47252,1,2025-08-05T16:01:17+00:00,1754409677,true,2025-07-10T17:15:46.400,2025-11-04T22:16:04.060,7.5,HIGH,CVSS:3.1/AV:N/AC:L/PR:N/UI:N/S:U/C:H/I:N/A:N,-25.948,-622.759,nmap,https://reddit.com/r/nmap/comments/1mid4zi/vulners_exploit_warning/
CVE-2025-23048,1,2025-08-05T16:01:17+00:00,1754409677,true,2025-07-10T17:15:46.553,2025-11-04T22:16:06.920,9.1,CRITICAL,CVSS:3.1/AV:N/AC:L/PR:N/UI:N/S:U/C:H/I:H/A:N,-25.948,-622.758,nmap,https://reddit.com/r/nmap/comments/1mid4zi/vulners_exploit_warning/
CVE-2025-49630,1,2025-08-05T16:01:17+00:00,1754409677,true,2025-07-10T17:15:48.050,2025-11-04T22:16:18.307,7.5,HIGH,CVSS:3.1/AV:N/AC:L/PR:N/UI:N/S:U/C:N/I:N/A:H,-25.948,-622.758,nmap,https://reddit.com/r/nmap/comments/1mid4zi/vulners_exploit_warning/
CVE-2025-49812,1,2025-08-05T16:01:17+00:00,1754409677,true,2025-07-10T17:15:48.193,2025-11-04T22:16:18.607,7.4,HIGH,CVSS:3.1/AV:N/AC:H/PR:N/UI:N/S:U/C:H/I:H/A:N,-25.948,-622.758,nmap,https://reddit.com/r/nmap/comments/1mid4zi/vulners_exploit_warning/
CVE-2025-53020,1,2025-08-05T16:01:17+00:00,1754409677,true,2025-07-10T17:15:48.337,2025-11-04T22:16:21.183,7.5,HIGH,CVSS:3.1/AV:N/AC:L/PR:N/UI:N/S:U/C:N/I:N/A:H,-25.948,-622.758,nmap,https://reddit.com/r/nmap/comments/1mid4zi/vulners_exploit_warning/
CVE-2025-48561,1,2025-10-13T22:41:13+00:00,1760395273,true,2025-09-04T19:15:43.543,2025-09-26T14:00:49.093,5.5,MEDIUM,CVSS:3.1/AV:L/AC:L/PR:L/UI:N/S:U/C:H/I:N/A:N,-39.143,-939.425,Android,https://reddit.com/r/Android/comments/1o5ynp8/hackers_can_steal_2fa_codes_and_private_messages/
CVE-2025-48593,1,2025-12-29T14:09:02+00:00,1767017342,true,2025-11-18T05:16:10.350,2025-11-19T18:50:36.580,8.0,HIGH,CVSS:3.1/AV:A/AC:L/PR:L/UI:N/S:U/C:H/I:H/A:H,-41.37,-992.881,Android,https://reddit.com/r/Android/comments/1pyn777/nearly_a_billion_active_android_devices_are/
CVE-2025-1994,1,2025-10-21T21:35:37+00:00,1761082537,true,2025-08-26T17:15:36.827,2025-09-02T18:07:05.010,7.8,HIGH,CVSS:3.1/AV:L/AC:L/PR:L/UI:N/S:U/C:H/I:H/A:H,-56.181,-1348.333,IBM,https://reddit.com/r/IBM/comments/1ocptlp/cve20251994_local_arbitrary_code_execution/
CVE-2025-21042,1,2025-11-08T04:39:54+00:00,1762576794,true,2025-09-12T08:15:44.743,2025-11-12T14:32:28.317,8.8,HIGH,CVSS:3.1/AV:N/AC:L/PR:N/UI:R/S:U/C:H/I:H/A:H,-56.85,-1364.403,Android,https://reddit.com/r/Android/comments/1orgbv4/new_landfall_spyware_exploited_samsung_zeroday/
CVE-2025-21043,1,2025-11-08T04:39:54+00:00,1762576794,true,2025-09-12T08:15:44.920,2025-10-30T15:36:12.360,8.8,HIGH,CVSS:3.1/AV:N/AC:L/PR:N/UI:R/S:U/C:H/I:H/A:H,-56.85,-1364.403,Android,https://reddit.com/r/Android/comments/1orgbv4/new_landfall_spyware_exploited_samsung_zeroday/
CVE-2025-32433,1,2025-06-16T19:16:54+00:00,1750101414,true,2025-04-16T22:15:14.373,2025-11-04T14:49:05.177,10.0,CRITICAL,CVSS:3.1/AV:N/AC:L/PR:N/UI:N/S:C/C:H/I:H/A:H,-60.876,-1461.028,tenable,https://reddit.com/r/tenable/comments/1ld1x0t/cve202532433/
CVE-2025-54352,1,2025-09-23T11:03:10+00:00,1758625390,true,2025-07-21T05:15:38.750,2025-07-22T13:06:07.260,3.7,LOW,CVSS:3.1/AV:N/AC:H/PR:N/UI:N/S:U/C:L/I:N/A:N,-64.241,-1541.792,Wordpress,https://reddit.com/r/Wordpress/comments/1noec4y/wordpress_vulnerability_in_the_latest_version/
CVE-2025-54368,1,2025-10-11T07:12:35+00:00,1760166755,true,2025-08-08T00:15:26.583,2025-08-08T20:30:18.180,,,,-64.29,-1542.952,Python,https://reddit.com/r/Python/comments/1o3p4bf/best_practices_for_using_python_uv_inside_docker/
CVE-2025-8556,1,2025-10-26T11:46:10+00:00,1761479170,true,2025-08-06T09:15:28.173,2026-02-25T22:16:22.633,3.7,LOW,CVSS:3.1/AV:N/AC:H/PR:N/UI:N/S:U/C:L/I:N/A:N,-81.105,-1946.512,crypto,https://reddit.com/r/crypto/comments/1ogilbq/cve20258556_cryptographic_issues_in_cloudflares/
CVE-2025-59052,1,2025-12-03T16:18:03+00:00,1764778683,true,2025-09-10T21:15:37.283,2025-09-11T17:14:10.147,,,,-83.793,-2011.04,angular,https://reddit.com/r/angular/comments/1pd8kh0/why_the_spike_in_angular_cves_this_year/
CVE-2025-30399,1,2025-09-15T19:24:23+00:00,1757964263,true,2025-06-13T02:15:23.430,2025-07-10T14:25:37.313,7.5,HIGH,CVSS:3.1/AV:N/AC:H/PR:N/UI:R/S:U/C:H/I:H/A:H,-94.715,-2273.15,tenable,https://reddit.com/r/tenable/comments/1nhvfck/security_update_for_microsoft_net_core_june_2025/
CVE-2022-38694,1,2025-12-29T14:09:02+00:00,1767017342,true,2025-09-01T08:15:32.220,2025-09-02T15:55:25.420,7.8,HIGH,CVSS:3.1/AV:L/AC:L/PR:L/UI:N/S:U/C:H/I:H/A:H,-119.245,-2861.892,Android,https://reddit.com/r/Android/comments/1pyn777/nearly_a_billion_active_android_devices_are/
CVE-2025-5278,2,2025-09-26T13:26:03+00:00,1758893163,true,2025-05-27T21:15:23.197,2025-10-22T20:15:37.320,4.4,MEDIUM,CVSS:3.1/AV:L/AC:L/PR:N/UI:R/S:U/C:L/I:N/A:L,-121.674,-2920.178,linux,https://reddit.com/r/linux/comments/1qtwoo1/rust_coreutils_continues_working_toward_100_gnu/;https://reddit.com/r/linux/comments/1nr1bas/ubuntu_2510s_move_to_rust_coreutils_is_causing/
CVE-2025-32462,1,2025-11-12T13:53:48+00:00,1762955628,true,2025-06-30T21:15:30.080,2025-11-03T20:18:27.727,2.8,LOW,CVSS:3.1/AV:L/AC:H/PR:L/UI:N/S:C/C:N/I:L/A:N,-134.693,-3232.638,linux,https://reddit.com/r/linux/comments/1ov5q57/sudors_affected_by_multiple_security/
CVE-2025-32463,1,2025-11-12T13:53:48+00:00,1762955628,true,2025-06-30T21:15:30.257,2025-11-05T19:26:48.393,9.3,CRITICAL,CVSS:3.1/AV:L/AC:L/PR:N/UI:N/S:C/C:H/I:H/A:H,-134.693,-3232.638,linux,https://reddit.com/r/linux/comments/1ov5q57/sudors_affected_by_multiple_security/
CVE-2025-49796,1,2025-12-09T08:59:36+00:00,1765270776,true,2025-06-16T16:15:19.370,2026-01-22T05:16:11.380,9.1,CRITICAL,CVSS:3.1/AV:N/AC:L/PR:N/UI:N/S:U/C:N/I:H/A:H,-175.697,-4216.738,linux,https://reddit.com/r/linux/comments/1pi2qcp/libxml2_is_now_officially_unmaintained/
CVE-2025-6514,1,2026-02-05T21:29:51+00:00,1770326991,true,2025-07-09T13:15:24.213,2025-07-10T13:17:30.017,9.6,CRITICAL,CVSS:3.1/AV:N/AC:L/PR:N/UI:R/S:C/C:H/I:H/A:H,-211.343,-5072.241,openclaw,https://reddit.com/r/openclaw/comments/1qwya1s/openclaw_has_been_compromised_341_times_with/
CVE-2024-45593,1,2025-11-21T03:44:33+00:00,1763696673,true,2024-09-10T16:15:21.760,2025-01-15T14:29:23.370,9.0,CRITICAL,CVSS:3.1/AV:N/AC:L/PR:L/UI:R/S:C/C:H/I:H/A:H,-436.479,-10475.486,linux,https://reddit.com/r/linux/comments/1p2ofae/how_accurate_is_this/
CVE-2024-0684,1,2025-09-26T13:26:03+00:00,1758893163,true,2024-02-06T09:15:52.643,2025-11-04T19:16:27.353,5.5,MEDIUM,CVSS:3.1/AV:L/AC:L/PR:L/UI:N/S:U/C:N/I:N/A:H,-598.174,-14356.17,linux,https://reddit.com/r/linux/comments/1nr1bas/ubuntu_2510s_move_to_rust_coreutils_is_causing/
CVE-2023-49356,1,2026-02-10T17:10:44+00:00,1770743444,true,2023-12-22T10:15:11.323,2025-04-23T17:16:40.217,7.5,HIGH,CVSS:3.1/AV:N/AC:L/PR:N/UI:N/S:U/C:N/I:N/A:H,-781.289,-18750.926,rust,https://reddit.com/r/rust/comments/1r16lyb/seeking_debian_packaging_help_for_mp3rgain/
CVE-2023-39910,1,2026-01-02T13:24:02+00:00,1767360242,true,2023-08-09T03:15:44.867,2024-11-21T08:16:01.193,7.5,HIGH,CVSS:3.1/AV:N/AC:L/PR:N/UI:N/S:U/C:H/I:N/A:N,-877.422,-21058.138,Bitcoin,https://reddit.com/r/Bitcoin/comments/1q1yicy/ever_wondered_how_those_weak_key_exploits/
CVE-2023-28303,1,2026-02-10T08:58:24+00:00,1770713904,true,2023-06-13T17:15:14.380,2024-11-21T07:54:47.747,3.3,LOW,CVSS:3.1/AV:L/AC:L/PR:N/UI:R/S:U/C:L/I:N/A:N,-972.655,-23343.719,sysadmin,https://reddit.com/r/sysadmin/comments/1r0vsoc/cve202328303/
CVE-2022-30190,1,2025-09-22T05:50:08+00:00,1758520208,true,2022-06-01T20:15:07.983,2025-10-30T19:19:41.540,7.8,HIGH,CVSS:3.1/AV:L/AC:L/PR:N/UI:R/S:U/C:H/I:H/A:H,-1208.399,-29001.583,windows,https://reddit.com/r/windows/comments/1nneg9y/why_is_windows_removing_troubleshooters_they_seem/
CVE-2021-3156,1,2025-11-12T13:53:48+00:00,1762955628,true,2021-01-26T21:15:12.987,2025-11-10T14:41:45.053,7.8,HIGH,CVSS:3.1/AV:L/AC:L/PR:L/UI:N/S:U/C:H/I:H/A:H,-1750.693,-42016.643,linux,https://reddit.com/r/linux/comments/1ov5q57/sudors_affected_by_multiple_security/
CVE-2015-4042,1,2025-09-26T13:26:03+00:00,1758893163,true,2020-01-24T17:15:12.577,2024-11-21T02:30:20.507,9.8,CRITICAL,CVSS:3.1/AV:N/AC:L/PR:N/UI:N/S:U/C:H/I:H/A:H,-2071.841,-49724.181,linux,https://reddit.com/r/linux/comments/1nr1bas/ubuntu_2510s_move_to_rust_coreutils_is_causing/
CVE-2018-13379,1,2025-09-29T10:11:33+00:00,1759140693,true,2019-06-04T21:29:00.233,2025-10-24T12:53:03.100,9.1,CRITICAL,CVSS:3.1/AV:N/AC:L/PR:N/UI:N/S:U/C:H/I:N/A:H,-2308.53,-55404.709,linux,https://reddit.com/r/linux/comments/1nte5gv/new_lockbit_ransomware_as_a_service_raas_50/
CVE-2019-5736,1,2025-10-07T22:07:25+00:00,1759874845,true,2019-02-11T19:29:00.297,2024-11-21T04:45:24.603,8.6,HIGH,CVSS:3.1/AV:L/AC:L/PR:N/UI:R/S:C/C:H/I:H/A:H,-2430.11,-58322.64,docker,https://reddit.com/r/docker/comments/1o0sv41/rootless_docker_has_become_easy/
CVE-2013-2777,1,2025-11-12T13:53:48+00:00,1762955628,true,2013-04-08T17:55:01.153,2025-04-11T00:51:21.963,4.4,MEDIUM,AV:L/AC:M/Au:N/C:P/I:P/A:P,-4600.832,-110419.98,linux,https://reddit.com/r/linux/comments/1ov5q57/sudors_affected_by_multiple_security/
CVE-2011-4899,1,2025-09-23T10:37:52+00:00,1758623872,true,2012-01-30T17:55:00.750,2025-04-11T00:51:21.963,7.5,HIGH,AV:N/AC:L/Au:N/C:P/I:P/A:P,-4984.696,-119632.714,Wordpress,https://reddit.com/r/Wordpress/comments/1nodwck/wordpress_compromised_in_12_seconds/
CVE-2024-425167,1,2025-08-05T16:01:17+00:00,1754409677,false,,,,,,,,nmap,https://reddit.com/r/nmap/comments/1mid4zi/vulners_exploit_warning/
CVE-2024-432047,1,2025-08-05T16:01:17+00:00,1754409677,false,,,,,,,,nmap,https://reddit.com/r/nmap/comments/1mid4zi/vulners_exploit_warning/
CVE-2024-433947,1,2025-08-05T16:01:17+00:00,1754409677,false,,,,,,,,nmap,https://reddit.com/r/nmap/comments/1mid4zi/vulners_exploit_warning/
CVE-2024-472527,1,2025-08-05T16:01:17+00:00,1754409677,false,,,,,,,,nmap,https://reddit.com/r/nmap/comments/1mid4zi/vulners_exploit_warning/
CVE-2025-230489,1,2025-08-05T16:01:17+00:00,1754409677,false,,,,,,,,nmap,https://reddit.com/r/nmap/comments/1mid4zi/vulners_exploit_warning/
CVE-2025-48617,1,2025-10-11T16:33:50+00:00,1760200430,false,,,,,,,,Android,https://reddit.com/r/Android/comments/1o404gk/google_blocks_android_hack_that_let_pixel_users/
CVE-2025-496307,1,2025-08-05T16:01:17+00:00,1754409677,false,,,,,,,,nmap,https://reddit.com/r/nmap/comments/1mid4zi/vulners_exploit_warning/
CVE-2025-498127,1,2025-08-05T16:01:17+00:00,1754409677,false,,,,,,,,nmap,https://reddit.com/r/nmap/comments/1mid4zi/vulners_exploit_warning/
CVE-2025-530207,1,2025-08-05T16:01:17+00:00,1754409677,false,,,,,,,,nmap,https://reddit.com/r/nmap/comments/1mid4zi/vulners_exploit_warning/
