post_id,subreddit,created_iso_utc,title,cves,cve_paths,url
,netsec,2026-03-29T20:10:23+00:00,"Please, We Beg, Just One Weekend Free Of Appliances (Citrix NetScaler CVE-2026-3055 Memory Overread Part 2) - watchTowr Labs",CVE-2026-3055,title,https://reddit.com/r/netsec/comments/1s75kb9/please_we_beg_just_one_weekend_free_of_appliances/
,LangChain,2026-03-29T18:28:09+00:00,"Langflow CVE-2026-33017, unauthenticated RCE via public flow endpoint, CISA KEV-listed, no installable patch",CVE-2026-33017,author_description;title,https://reddit.com/r/LangChain/comments/1s72uzr/langflow_cve202633017_unauthenticated_rce_via/
,netsec,2026-03-28T20:40:20+00:00,"The Sequels Are Never As Good, But We're Still In Pain (Citrix NetScaler CVE-2026-3055 Memory Overread) - watchTowr Labs",CVE-2026-3055,title,https://reddit.com/r/netsec/comments/1s6bdxi/the_sequels_are_never_as_good_but_were_still_in/
,ollama,2026-03-26T20:39:39+00:00,"Fresh install of Ollama, major security threat.. reckless",CVE-2024-28224;CVE-2024-37032,author_description,https://reddit.com/r/ollama/comments/1s4j73f/fresh_install_of_ollama_major_security_threat/
,LangChain,2026-03-26T19:15:06+00:00,Pilot Protocol: the missing network layer underneath MCP that would have prevented half the CVEs filed this year,CVE-2026-26118,author_description,https://reddit.com/r/LangChain/comments/1s4gxx8/pilot_protocol_the_missing_network_layer/
,java,2026-03-26T04:19:52+00:00,Security headers disappear with no errors - Critical 9.1 CVE-2026-22732 out this week,CVE-2026-22732,author_description;title,https://reddit.com/r/java/comments/1s3xj98/security_headers_disappear_with_no_errors/
,kubernetes,2026-03-25T22:43:44+00:00,"Breakdown of the Trivy supply chain compromise - timeline, who's affected, and remediation steps",CVE-2026-33634,author_description,https://reddit.com/r/kubernetes/comments/1s3pxcu/breakdown_of_the_trivy_supply_chain_compromise/
,github,2026-03-25T19:33:27+00:00,"Scam Alert: Fake ""VS Code Critical Vulnerability"" post mass-pinging developers on GitHub",CVE-2026-12345;CVE-2026-25784,author_description,https://reddit.com/r/github/comments/1s3ksik/scam_alert_fake_vs_code_critical_vulnerability/
,netsec,2026-03-25T12:51:52+00:00,CVE-2026-33656: EspoCRM ≤ 9.3.3 — Formula engine ACL gap + path traversal → authenticated RCE (full write-up + PoC),CVE-2026-33656,title,https://reddit.com/r/netsec/comments/1s39ujn/cve202633656_espocrm_933_formula_engine_acl_gap/
,netsec,2026-03-25T09:37:47+00:00,Stackfield Desktop App: RCE via Path Traversal and Arbitrary File Write (CVE-2026-28373),CVE-2026-28373,title,https://reddit.com/r/netsec/comments/1s36394/stackfield_desktop_app_rce_via_path_traversal_and/
,sysadmin,2026-03-23T14:49:01+00:00,"CVE-2026-20131: CISA basically said ""patch this Cisco flaw or good luck."" Deadline already passed.",CVE-2026-20131,author_description;title,https://reddit.com/r/sysadmin/comments/1s1iycd/cve202620131_cisa_basically_said_patch_this_cisco/
,netsec,2026-03-23T14:12:39+00:00,OpenClaw CVE-2026-25253 is worse than it looks (quick security checklist),CVE-2026-25253,author_description;title,https://reddit.com/r/netsec/comments/1s1i06c/openclaw_cve202625253_is_worse_than_it_looks/
,linux,2026-03-23T13:12:40+00:00,Canonical joins the Rust Foundation as a Gold Member,CVE-2026-33056,comments[19].body;detectedCVEs[0].commentText;detectedCVEs[0].cveId[0];detectedCVEs[0].cveId[1],https://reddit.com/r/linux/comments/1s1ghpw/canonical_joins_the_rust_foundation_as_a_gold/
,java,2026-03-22T18:01:02+00:00,"Spring AI vector store has two HIGH injection vulns (CVE-2026-22729, CVE-2026-22730), upgrade to 1.0.4 or 1.1.3",CVE-2026-22729;CVE-2026-22730,title,https://reddit.com/r/java/comments/1s0si5o/spring_ai_vector_store_has_two_high_injection/
,netsec,2026-03-22T16:55:47+00:00,Langflow Got Hacked Twice Through the Same exec() Call - CVE-2026-33017 (CVSS 9.3) exploited in 20 hours with no public PoC,CVE-2026-33017,title,https://reddit.com/r/netsec/comments/1s0qsxi/langflow_got_hacked_twice_through_the_same_exec/
,netsec,2026-03-21T20:56:38+00:00,"ONNX Hub silent=True suppresses all trust verification, enabling supply chain attacks on ML model loading (CVE-2026-28500, CVSS 9.1, no patc",CVE-2026-28500,author_description;title,https://reddit.com/r/netsec/comments/1s02jrq/onnx_hub_silenttrue_suppresses_all_trust/
,Python,2026-03-21T20:55:23+00:00,PSA: onnx.hub.load(silent=True) suppresses ALL security warnings during model loading. CVE-2026-2850,CVE-2026-2850;CVE-2026-28500,author_description;title,https://reddit.com/r/Python/comments/1s02in4/psa_onnxhubloadsilenttrue_suppresses_all_security/
,Wordpress,2026-03-21T16:23:50+00:00,It seems like automatic Wordpress updates are more necessary.,CVE-2026-23550;CVE-2026-3906,author_description,https://reddit.com/r/Wordpress/comments/1rzvpax/it_seems_like_automatic_wordpress_updates_are/
,netsec,2026-03-20T20:33:06+00:00,"Attack surface analysis of 5,121 MCP servers: 555 have toxic data flows where safe tools combine into dangerous paths",CVE-2026-25253,comments[5].body,https://reddit.com/r/netsec/comments/1rz7g4q/attack_surface_analysis_of_5121_mcp_servers_555/
,netsec,2026-03-20T17:40:56+00:00,"Claude Code workspace trust dialog bypass via repository settings loading order [CVE-2026-33068, CVSS 7.7]. Settings resolved before trust d",CVE-2026-33068,author_description;title,https://reddit.com/r/netsec/comments/1rz2xuw/claude_code_workspace_trust_dialog_bypass_via/
,openclaw,2026-03-20T17:10:23+00:00,Cisco found OpenClaw skills doing silent data exfiltration. I built a proxy that blocks it.,CVE-2026-25253,author_description,https://reddit.com/r/openclaw/comments/1rz23za/cisco_found_openclaw_skills_doing_silent_data/
,sysadmin,2026-03-20T07:36:41+00:00,Oracle Identity Manager and Oracle Web Services Manager CVE 9.8 - CVE-2026-21992,CVE-2026-21992,author_description;title,https://reddit.com/r/sysadmin/comments/1rypwei/oracle_identity_manager_and_oracle_web_services/
,debian,2026-03-20T07:06:04+00:00,snapd CVE,CVE-2026-3888,author_description,https://reddit.com/r/debian/comments/1rypev8/snapd_cve/
,sysadmin,2026-03-20T01:21:28+00:00,"First UniFi With a 10.0 CVE, Now ScreenConnect 9.0 CVE",CVE-2026-22557;CVE-2026-3564,author_description,https://reddit.com/r/sysadmin/comments/1ryipfs/first_unifi_with_a_100_cve_now_screenconnect_90/
,LangChain,2026-03-19T21:22:49+00:00,PSA: Two LangGraph checkpoint vulnerabilities disclosed -- unsafe msgpack deserialization (CVE-2026-28277) and Redis query injection (CVE-20,CVE-2026-27022;CVE-2026-27966;CVE-2026-28277;CVE-2026-32247,author_description;title,https://reddit.com/r/LangChain/comments/1rycurg/psa_two_langgraph_checkpoint_vulnerabilities/
,netsec,2026-03-19T20:23:35+00:00,A 32-Year-Old Bug Walks Into A Telnet Server (GNU inetutils Telnetd CVE-2026-32746) - watchTowr Labs,CVE-2026-32746,comments[11].body;comments[1].body;title,https://reddit.com/r/netsec/comments/1ryban8/a_32yearold_bug_walks_into_a_telnet_server_gnu/
,netsec,2026-03-19T19:37:58+00:00,"22 security advisories covering AI/ML infrastructure: 40 CVEs, 94 Sigma detection rules (MLflow, vLLM, PyTorch, Flowise, MCP servers, LangGr",CVE-2026-2033;CVE-2026-22778;CVE-2026-24747;CVE-2026-2635;CVE-2026-27022;CVE-2026-27952;CVE-2026-27961;CVE-2026-28277;CVE-2026-30820;CVE-2026-31829;CVE-2026-31861;CVE-2026-31862;CVE-2026-31975,author_description,https://reddit.com/r/netsec/comments/1rya1ep/22_security_advisories_covering_aiml/
,netsec,2026-03-19T17:46:05+00:00,"we found a memory exhaustion CVE in a library downloaded 29 million times a month. AWS, DataHub, and Lightning AI are in the blast radius.",CVE-2025-58367,author_description,https://reddit.com/r/netsec/comments/1ry79kw/we_found_a_memory_exhaustion_cve_in_a_library/
,linux,2026-03-19T14:07:05+00:00,High severity systemd bug in Ubuntu: local root privilege escalation (CVE-2026-3888),CVE-2026-3888,comments[0].body;title,https://reddit.com/r/linux/comments/1ry1cu9/high_severity_systemd_bug_in_ubuntu_local_root/
,netsec,2026-03-19T13:44:34+00:00,OpenSIPS SQL Injection to Authentication Bypass (CVE-2026-25554),CVE-2026-25554,title,https://reddit.com/r/netsec/comments/1ry0sfo/opensips_sql_injection_to_authentication_bypass/
,netsec,2026-03-19T12:55:35+00:00,"A timeline of MCP security breaches: Tool poisoning, RCE via mcp-remote, sandbox escapes, and 7,000+ exposed servers",CVE-2025-53109,comments[0].body;detectedCVEs[0].commentText;detectedCVEs[0].cveId[0],https://reddit.com/r/netsec/comments/1rxznrs/a_timeline_of_mcp_security_breaches_tool/
,netsec,2026-03-19T12:35:09+00:00,CVE-2026-22729: JSONPath Injection in Spring AI’s PgVectorStore,CVE-2026-22729,title,https://reddit.com/r/netsec/comments/1rxz7tl/cve202622729_jsonpath_injection_in_spring_ais/
,netsec,2026-03-19T09:18:05+00:00,Kanboard Authenticated SQL Injection CVE-2026-33058 Writeup,CVE-2026-33058,title,https://reddit.com/r/netsec/comments/1rxvkva/kanboard_authenticated_sql_injection_cve202633058/
,netsec,2026-03-19T08:47:35+00:00,CVE-2026-22730: SQL Injection in Spring AI’s MariaDB Vector Store,CVE-2026-22730,title,https://reddit.com/r/netsec/comments/1rxv3nu/cve202622730_sql_injection_in_spring_ais_mariadb/
,pytorch,2026-03-19T03:26:35+00:00,PSA — CVE-2025-32434 critical RCE in PyTorch ≤2.5.1 (weights_only=True bypass),CVE-2025-32434,title,https://reddit.com/r/pytorch/comments/1rxpjcz/psa_cve202532434_critical_rce_in_pytorch_251/
,netsec,2026-03-19T00:38:41+00:00,Ubtuntu 24.04+ Snapd Local Privilege Escalation (CVE-2026-3888),CVE-2026-3888,title,https://reddit.com/r/netsec/comments/1rxlr0y/ubtuntu_2404_snapd_local_privilege_escalation/
,netsec,2026-03-19T00:15:39+00:00,CVE-2026-32746 GNU telnetd Buffer Overflow PoC - Critical (9.8),CVE-2026-32746,title,https://reddit.com/r/netsec/comments/1rxl75t/cve202632746_gnu_telnetd_buffer_overflow_poc/
,homelab,2026-03-19T00:14:39+00:00,PSA: UniFi Network Application Vulnerability Disclosed,CVE-2026-22557;CVE-2026-22558,comments[0].body;first_author_comment,https://reddit.com/r/homelab/comments/1rxl68p/psa_unifi_network_application_vulnerability/
,java,2026-03-18T22:16:27+00:00,Spring AI CVEs (CVE-2026-22729 and CVE-2026-22730) are concerning given the timeline to get off Spring Boot 3.5 before June,CVE-2026-22729;CVE-2026-22730,author_description;title,https://reddit.com/r/java/comments/1rxi6gx/spring_ai_cves_cve202622729_and_cve202622730_are/
,sysadmin,2026-03-17T20:07:12+00:00,CVE-2025-66413: Git for Windows NTLM Hash Theft. Check your machines.,CVE-2025-66413,author_description;title,https://reddit.com/r/sysadmin/comments/1rwhsow/cve202566413_git_for_windows_ntlm_hash_theft/
,netsec,2026-03-17T19:34:51+00:00,CVE-2025-59284: How reading a gnu manpage led to a Windows NetNTLM phishing exploit,CVE-2025-59284,title,https://reddit.com/r/netsec/comments/1rwguw8/cve202559284_how_reading_a_gnu_manpage_led_to_a/
,homelab,2026-03-17T00:39:47+00:00,"Hackable II Purple Team Writeup: From Anonymous FTP login to Root, and What Security Onion Saw",CVE-2021-4034,author_description,https://reddit.com/r/homelab/comments/1rvrszo/hackable_ii_purple_team_writeup_from_anonymous/
,node,2026-03-15T13:56:34+00:00,I built a tool that visualizes your package-lock.json as an interactive vulnerability graph,CVE-2025-59472,author_description,https://reddit.com/r/node/comments/1rueoqd/i_built_a_tool_that_visualizes_your/
,Fedora,2026-03-15T09:35:23+00:00,Anyone else seeing fwupdmgr reporting a failed update ?,CVE-2025-20080;CVE-2025-27708;CVE-2025-32008,author_description,https://reddit.com/r/Fedora/comments/1ru9sx6/anyone_else_seeing_fwupdmgr_reporting_a_failed/
,netsec,2026-03-15T06:35:33+00:00,CVE-2024-45163: Remote DoS in Mirai C2 – research writeup + what it led me to build,CVE-2024-45163,title,https://reddit.com/r/netsec/comments/1ru6xxl/cve202445163_remote_dos_in_mirai_c2_research/
,FastAPI,2026-03-13T22:35:42+00:00,Why fastapi-guard,CVE-2026-25253,author_description,https://reddit.com/r/FastAPI/comments/1rt21xm/why_fastapiguard/
,sysadmin,2026-03-12T08:43:47+00:00,HPE Aruba Networking AOS-CX Multiple Vulnerabilities,CVE-2026-23813;CVE-2026-23814;CVE-2026-23815;CVE-2026-23816;CVE-2026-23817,author_description,https://reddit.com/r/sysadmin/comments/1rrld2x/hpe_aruba_networking_aoscx_multiple/
,netsec,2026-03-11T07:02:46+00:00,CVE-2026-28292: RCE in simple-git via case-sensitivity bypass (CVSS 9.8),CVE-2026-28292;CVE-2026-29000,author_description;title,https://reddit.com/r/netsec/comments/1rqmrer/cve202628292_rce_in_simplegit_via_casesensitivity/
,netsec,2026-03-11T06:18:23+00:00,CVE-2026-26117: Hijacking Azure Arc on Windows for Local Privilege Escalation &amp; Cloud Identity Takeover,CVE-2026-26117,author_description;title,https://reddit.com/r/netsec/comments/1rqm1lr/cve202626117_hijacking_azure_arc_on_windows_for/
,SecurityCamera,2026-03-10T17:51:47+00:00,CloudEdge/Meari CVE and status on the dark web?,CVE-2025-11757,author_description,https://reddit.com/r/SecurityCamera/comments/1rq3z6o/cloudedgemeari_cve_and_status_on_the_dark_web/
,netsec,2026-03-09T16:17:49+00:00,Sign in with ANY password into Rocket.Chat EE (CVE-2026-28514) and other vulnerabilities we’ve found with our open source AI framework,CVE-2026-28514,title,https://reddit.com/r/netsec/comments/1rp4lyj/sign_in_with_any_password_into_rocketchat_ee/
,netsec,2026-03-06T22:42:41+00:00,A Race Within A Race: Exploiting CVE-2025-38617 in Linux Packet Sockets,CVE-2025-38617,title,https://reddit.com/r/netsec/comments/1rmsmhg/a_race_within_a_race_exploiting_cve202538617_in/
,github,2026-03-06T13:46:22+00:00,We found a CVSS 10.0 in an open source library. The maintainer shipped patches in 2 days. This is how disclosure should work,CVE-2026-29000,author_description,https://reddit.com/r/github/comments/1rmeedn/we_found_a_cvss_100_in_an_open_source_library_the/
,sysadmin,2026-03-06T06:11:34+00:00,"Cisco Catalyst SD WAN just got hit with active exploits, seriously reconsidering our whole setup now, Done with it.",CVE-2026-20122;CVE-2026-20127;CVE-2026-20128,author_description,https://reddit.com/r/sysadmin/comments/1rm660l/cisco_catalyst_sd_wan_just_got_hit_with_active/
,homelab,2026-03-05T15:53:05+00:00,Checked every device on my homelab against NVD. Three cameras with critical CVEs. Two with public exploits. None of it showing up in Grafana,CVE-2021-28372;CVE-2022-27624,author_description,https://reddit.com/r/homelab/comments/1rll5dw/checked_every_device_on_my_homelab_against_nvd/
,sysadmin,2026-03-05T14:09:47+00:00,CVSS 10.0 auth bypass in pac4j-jwt - anyone here running pac4j in their stack?,CVE-2026-29000,author_description,https://reddit.com/r/sysadmin/comments/1rlikxp/cvss_100_auth_bypass_in_pac4jjwt_anyone_here/
,sysadmin,2026-03-05T14:00:22+00:00,"If you're running Java services on AWS that use pac4j-jwt, new CVSS 10.0 auth bypass",CVE-2026-29000,author_description,https://reddit.com/r/sysadmin/comments/1rlickf/if_youre_running_java_services_on_aws_that_use/
,netsec,2026-03-03T14:15:59+00:00,"Sometimes, You Can Just Feel The Security In The Design (Junos OS Evolved CVE-2026-21902 RCE) - watchTowr Labs",CVE-2026-21902,title,https://reddit.com/r/netsec/comments/1rjqfwy/sometimes_you_can_just_feel_the_security_in_the/
,linux,2026-02-28T08:40:06+00:00,sudo-rs shows password asterisks by default – break with Unix tradition,CVE-2019-18634,comments[69].body,https://reddit.com/r/linux/comments/1rgxjcw/sudors_shows_password_asterisks_by_default_break/
,c#,2026-02-27T18:59:39+00:00,High Security Vulnerability Microsoft.PowerShell.Native v7.0.0,CVE-2024-0057,author_description,https://stackoverflow.com/questions/79898063/high-security-vulnerability-microsoft-powershell-native-v7-0-0
,elasticsearch,2026-02-27T08:16:48+00:00,Building a Production CVE Intelligence Engine with Hybrid Retrieval and Jina Reranker on Elasticsearch,,,https://reddit.com/r/elasticsearch/comments/1rg0yya/building_a_production_cve_intelligence_engine/
,hardwarehacking,2026-02-26T20:23:38+00:00,From DDS Packets to Robot Shells: Two RCEs in Unitree Robots (CVE-2026-27509 &amp; CVE-2026-27510),CVE-2026-27509;CVE-2026-27510,title,https://reddit.com/r/hardwarehacking/comments/1rfl9yr/from_dds_packets_to_robot_shells_two_rces_in/
,netsec,2026-02-26T19:19:02+00:00,From DDS Packets to Robot Shells: Two RCEs in Unitree Robots (CVE-2026-27509 &amp; CVE-2026-27510),CVE-2026-27509;CVE-2026-27510,title,https://reddit.com/r/netsec/comments/1rfjjfc/from_dds_packets_to_robot_shells_two_rces_in/
,WebRTC,2026-02-26T04:06:02+00:00,TURN server security best practices + coturn hardening guide with copy-paste configs,CVE-2026-27624,comments[0].body;first_author_comment,https://reddit.com/r/WebRTC/comments/1rf02fw/turn_server_security_best_practices_coturn/
,netsec,2026-02-20T11:59:22+00:00,Discovery &amp; Analysis of CVE-2025-29969,CVE-2025-29969,title,https://reddit.com/r/netsec/comments/1r9th6w/discovery_analysis_of_cve202529969/
,netsec,2026-02-19T15:38:01+00:00,[CVE-2026-0714] TPM-sniffing LUKS Keys on an Embedded Device,CVE-2026-0714,title,https://reddit.com/r/netsec/comments/1r92evr/cve20260714_tpmsniffing_luks_keys_on_an_embedded/
,netsec,2026-02-17T00:34:23+00:00,Almost Impossible: Java Deserialization Through Broken Crypto in OpenText Directory Services,CVE-2025-15579,comments[2].body;detectedCVEs[0].commentText;detectedCVEs[0].cveId[0],https://reddit.com/r/netsec/comments/1r6r7no/almost_impossible_java_deserialization_through/
,MicrosoftEdge,2026-02-16T22:56:57+00:00,Edge v145.0.3800.58 - No Release Notes,CVE-2026-2441,author_description,https://reddit.com/r/MicrosoftEdge/comments/1r6our7/edge_v1450380058_no_release_notes/
,kubernetes,2026-02-16T16:46:15+00:00,Kubewarden not affected by cross-ns privilege escalation via policy api call,CVE-2026-22039,author_description,https://reddit.com/r/kubernetes/comments/1r6eq9j/kubewarden_not_affected_by_crossns_privilege/
,MicrosoftEdge,2026-02-15T10:43:31+00:00,Zero-Day EXPLOIT (CVE-2026-441): Is Your Crypto Wallet at Risk?,CVE-2026-2441,comments[0].body,https://reddit.com/r/MicrosoftEdge/comments/1r5bn1t/zeroday_exploit_cve2026441_is_your_crypto_wallet/
,kubernetes,2026-02-13T23:42:45+00:00,CVE-2026-22039: How an admission controller vulnerability turned Kubernetes namespaces into a security illusion,CVE-2026-22039,author_description;title,https://reddit.com/r/kubernetes/comments/1r44yxo/cve202622039_how_an_admission_controller/
,sysadmin,2026-02-13T18:03:12+00:00,BeyondTrust Gets Hit Again: Pre-Auth RCE in Remote Support Tools,CVE-2026-1731,author_description,https://reddit.com/r/sysadmin/comments/1r3wb9v/beyondtrust_gets_hit_again_preauth_rce_in_remote/
,WebRTC,2026-02-12T10:24:04+00:00,TURN Security Threats: A Hacker's View,CVE-2020-26262,comments[0].body;first_author_comment,https://reddit.com/r/WebRTC/comments/1r2pwqn/turn_security_threats_a_hackers_view/
,software,2026-02-11T15:20:47+00:00,Microsoft's Notepad Got Pwned,CVE-2026-20841,author_description,https://reddit.com/r/software/comments/1r20649/microsofts_notepad_got_pwned/
,sysadmin,2026-02-11T11:49:54+00:00,Windows Notepad App Remote Code Execution Vulnerability,CVE-2026-20841,author_description,https://reddit.com/r/sysadmin/comments/1r1vaon/windows_notepad_app_remote_code_execution/
,rust,2026-02-10T17:10:44+00:00,Seeking Debian packaging help for mp3rgain (Rust-based mp3gain replacement),CVE-2023-49356,author_description,https://reddit.com/r/rust/comments/1r16lyb/seeking_debian_packaging_help_for_mp3rgain/
,sysadmin,2026-02-10T08:58:24+00:00,CVE-2023-28303,CVE-2023-28303,title,https://reddit.com/r/sysadmin/comments/1r0vsoc/cve202328303/
,sysadmin,2026-02-09T20:30:31+00:00,Patch available for 9.9 CVE in BeyondTrust Remote Support and PRA,CVE-2026-1731,author_description,https://reddit.com/r/sysadmin/comments/1r0flm2/patch_available_for_99_cve_in_beyondtrust_remote/
,openclaw,2026-02-08T12:10:09+00:00,"OpenClaw has no open-source runtime defense. I'm a farmer, not a developer — but after 12 hours with multiple AIs, I built one. Here's how.",CVE-2026-25253,author_description,https://reddit.com/r/openclaw/comments/1qz7c5h/openclaw_has_no_opensource_runtime_defense_im_a/
,Python,2026-02-07T01:17:37+00:00,Async file I/O powered by Libuv,,,https://reddit.com/r/Python/comments/1qy036y/async_file_io_powered_by_libuv/
,openclaw,2026-02-05T21:29:51+00:00,Openclaw has been compromised 341+ times with malicious skills. here's what I did about it.,CVE-2025-6514,author_description,https://reddit.com/r/openclaw/comments/1qwya1s/openclaw_has_been_compromised_341_times_with/
,linux,2026-02-02T14:35:23+00:00,"Rust Coreutils Continues Working Toward 100% GNU Compatibility, Proving Trolls Wrong",CVE-2025-5278,comments[43].body,https://reddit.com/r/linux/comments/1qtwoo1/rust_coreutils_continues_working_toward_100_gnu/
,Wordpress,2026-01-29T02:57:09+00:00,"Brevo for WooCommerce plugin stored XSS led to rogue admin user ""woocommerce_bot@gmail.com"" – anyone else seen this?",CVE-2025-14436,author_description,https://reddit.com/r/Wordpress/comments/1qpwn4w/brevo_for_woocommerce_plugin_stored_xss_led_to/
,django,2026-01-23T08:20:52+00:00,I built a tool for scanning web apps vulnerabilities - Please let me know what you think,CVE-2025-55182;CVE-2025-66478,author_description,https://reddit.com/r/django/comments/1qklaj0/i_built_a_tool_for_scanning_web_apps/
,linux,2026-01-18T19:06:30+00:00,CVE-2026-0915: GNU C Library Fixes A Security Issue Present Since 1996,CVE-2026-0915,title,https://reddit.com/r/linux/comments/1qgh9po/cve20260915_gnu_c_library_fixes_a_security_issue/
,node,2026-01-18T16:27:28+00:00,Managing 30+ Node.js projects - how do you track CVE vulnerabilities?,CVE-2025-64756,author_description,https://reddit.com/r/node/comments/1qgcznb/managing_30_nodejs_projects_how_do_you_track_cve/
,Bitcoin,2026-01-02T13:24:02+00:00,"Ever wondered how those ""weak key"" exploits actually work? I made a research tool for it",CVE-2023-39910,author_description,https://reddit.com/r/Bitcoin/comments/1q1yicy/ever_wondered_how_those_weak_key_exploits/
,Android,2025-12-29T14:09:02+00:00,Nearly a billion active Android devices are security targets due to outdated software,CVE-2022-38694;CVE-2025-48593,comments[26].body;comments[62].body,https://reddit.com/r/Android/comments/1pyn777/nearly_a_billion_active_android_devices_are/
,AerynOS,2025-12-27T23:06:55+00:00,"Unstable stream updates: 27th of December, 2025 · AerynOS · Discussion #123",CVE-2025-9615,author_description,https://reddit.com/r/AerynOS/comments/1pxbd0u/unstable_stream_updates_27th_of_december_2025/
,Wordpress,2025-12-24T06:19:31+00:00,WordPress VPS keeps getting suspended for DDoS / crypto mining,CVE-2025-55182;CVE-2025-66478,author_description,https://reddit.com/r/Wordpress/comments/1pugekb/wordpress_vps_keeps_getting_suspended_for_ddos/
,linux,2025-12-17T21:20:57+00:00,Linux Kernel Rust Code Sees Its First CVE Vulnerability,CVE-2025-68260,comments[50].body;detectedCVEs[0].commentText;detectedCVEs[0].cveId[0],https://reddit.com/r/linux/comments/1pp8h3d/linux_kernel_rust_code_sees_its_first_cve/
,linux,2025-12-17T18:42:20+00:00,"Well, new vulnerability in the rust code",,,https://reddit.com/r/linux/comments/1pp4f8j/well_new_vulnerability_in_the_rust_code/
,rust,2025-12-17T18:23:57+00:00,Linux Kernel Rust Code Sees Its First CVE Vulnerability,CVE-2025-68260,comments[19].body;detectedCVEs[0].commentText;detectedCVEs[0].cveId[0],https://reddit.com/r/rust/comments/1pp3y9e/linux_kernel_rust_code_sees_its_first_cve/
,react,2025-12-16T09:53:03+00:00,Any toughts on Exploit React2Shell ?(CVE-2025-55182),CVE-2025-55182,title,https://reddit.com/r/react/comments/1pny3ge/any_toughts_on_exploit_react2shell_cve202555182/
,linux,2025-12-12T08:44:31+00:00,Gogs (self-hosted Git service written in Go) Zero-Day RCE (CVE-2025-8110) Actively Exploited,CVE-2025-8110,title,https://reddit.com/r/linux/comments/1pkn2ms/gogs_selfhosted_git_service_written_in_go_zeroday/
,node,2025-12-11T14:54:13+00:00,Any server side js code like `obj[userInput1][userInput2](userInput3)()` is vulnerable,CVE-2025-55182,author_description,https://reddit.com/r/node/comments/1pjzh47/any_server_side_js_code_like/
,coolify,2025-12-09T18:31:17+00:00,CVE-2025-55182 known as React2Shell Free Blocklist,CVE-2025-55182,author_description;title,https://reddit.com/r/coolify/comments/1pif5oy/cve202555182_known_as_react2shell_free_blocklist/
,linux,2025-12-09T08:59:36+00:00,libxml2 is now officially unmaintained,CVE-2025-49796,comments[40].body,https://reddit.com/r/linux/comments/1pi2qcp/libxml2_is_now_officially_unmaintained/
,javascript,2025-12-08T10:06:35+00:00,"Your /r/javascript recap for the week of December 01 - December 07, 2025",CVE-2025-55182,author_description,https://reddit.com/r/javascript/comments/1ph8qgx/your_rjavascript_recap_for_the_week_of_december/
,react,2025-12-06T20:14:02+00:00,Security Check Recommended (CVE-2025-55182): Please review your application's dependencies. If you are running React or Next.js,CVE-2025-55182,author_description;title,https://reddit.com/r/react/comments/1pfyta0/security_check_recommended_cve202555182_please/
