post_id,subreddit,author,score,created_field,created_iso_utc,created_epoch,updated_field,updated_iso_utc,updated_epoch,title,body,url,cves,cve_count,cve_paths
,netsec,dx7r__,10,created_utc,2026-03-29T20:10:23+00:00,1774815023,updatedAt,2026-03-29T22:30:56.957000+00:00,1774823456,"Please, We Beg, Just One Weekend Free Of Appliances (Citrix NetScaler CVE-2026-3055 Memory Overread Part 2) - watchTowr Labs",,https://reddit.com/r/netsec/comments/1s75kb9/please_we_beg_just_one_weekend_free_of_appliances/,CVE-2026-3055,1,title
,LangChain,cyberamyntas,1,created_utc,2026-03-29T18:28:09+00:00,1774808889,updatedAt,2026-03-29T22:39:44.292000+00:00,1774823984,"Langflow CVE-2026-33017, unauthenticated RCE via public flow endpoint, CISA KEV-listed, no installable patch",,https://reddit.com/r/LangChain/comments/1s72uzr/langflow_cve202633017_unauthenticated_rce_via/,CVE-2026-33017,1,author_description;title
,netsec,dx7r__,23,created_utc,2026-03-28T20:40:20+00:00,1774730420,updatedAt,2026-03-29T22:30:58.718000+00:00,1774823458,"The Sequels Are Never As Good, But We're Still In Pain (Citrix NetScaler CVE-2026-3055 Memory Overread) - watchTowr Labs",,https://reddit.com/r/netsec/comments/1s6bdxi/the_sequels_are_never_as_good_but_were_still_in/,CVE-2026-3055,1,title
,ollama,lancer-fiefdom,0,created_utc,2026-03-26T20:39:39+00:00,1774557579,updatedAt,2026-03-28T04:38:18.893000+00:00,1774672698,"Fresh install of Ollama, major security threat.. reckless",,https://reddit.com/r/ollama/comments/1s4j73f/fresh_install_of_ollama_major_security_threat/,CVE-2024-28224;CVE-2024-37032,2,author_description
,LangChain,JerryH_,1,created_utc,2026-03-26T19:15:06+00:00,1774552506,updatedAt,2026-03-27T04:01:21.289000+00:00,1774584081,Pilot Protocol: the missing network layer underneath MCP that would have prevented half the CVEs filed this year,,https://reddit.com/r/LangChain/comments/1s4gxx8/pilot_protocol_the_missing_network_layer/,CVE-2026-26118,1,author_description
,java,jr_entrepreneur,12,created_utc,2026-03-26T04:19:52+00:00,1774498792,updatedAt,2026-03-29T22:39:22.854000+00:00,1774823962,Security headers disappear with no errors - Critical 9.1 CVE-2026-22732 out this week,,https://reddit.com/r/java/comments/1s3xj98/security_headers_disappear_with_no_errors/,CVE-2026-22732,1,author_description;title
,kubernetes,JulietSecurity,80,created_utc,2026-03-25T22:43:44+00:00,1774478624,updatedAt,2026-03-27T22:42:42.788000+00:00,1774651362,"Breakdown of the Trivy supply chain compromise - timeline, who's affected, and remediation steps",,https://reddit.com/r/kubernetes/comments/1s3pxcu/breakdown_of_the_trivy_supply_chain_compromise/,CVE-2026-33634,1,author_description
,github,Far_Arugula_4860,158,created_utc,2026-03-25T19:33:27+00:00,1774467207,updatedAt,2026-03-29T06:37:51.989000+00:00,1774766271,"Scam Alert: Fake ""VS Code Critical Vulnerability"" post mass-pinging developers on GitHub",,https://reddit.com/r/github/comments/1s3ksik/scam_alert_fake_vs_code_critical_vulnerability/,CVE-2026-12345;CVE-2026-25784,2,author_description
,netsec,JivaSecurity,7,created_utc,2026-03-25T12:51:52+00:00,1774443112,updatedAt,2026-03-29T22:31:13.148000+00:00,1774823473,CVE-2026-33656: EspoCRM ≤ 9.3.3 — Formula engine ACL gap + path traversal → authenticated RCE (full write-up + PoC),,https://reddit.com/r/netsec/comments/1s39ujn/cve202633656_espocrm_933_formula_engine_acl_gap/,CVE-2026-33656,1,title
,netsec,MrTuxracer,3,created_utc,2026-03-25T09:37:47+00:00,1774431467,updatedAt,2026-03-29T22:31:14.640000+00:00,1774823474,Stackfield Desktop App: RCE via Path Traversal and Arbitrary File Write (CVE-2026-28373),,https://reddit.com/r/netsec/comments/1s36394/stackfield_desktop_app_rce_via_path_traversal_and/,CVE-2026-28373,1,title
,sysadmin,Hot-Independence-985,302,created_utc,2026-03-23T14:49:01+00:00,1774277341,updatedAt,2026-03-24T06:25:24.999000+00:00,1774333524,"CVE-2026-20131: CISA basically said ""patch this Cisco flaw or good luck."" Deadline already passed.",,https://reddit.com/r/sysadmin/comments/1s1iycd/cve202620131_cisa_basically_said_patch_this_cisco/,CVE-2026-20131,1,author_description;title
,netsec,NotFunnyVipul,33,created_utc,2026-03-23T14:12:39+00:00,1774275159,updatedAt,2026-03-24T00:32:14.417000+00:00,1774312334,OpenClaw CVE-2026-25253 is worse than it looks (quick security checklist),,https://reddit.com/r/netsec/comments/1s1i06c/openclaw_cve202625253_is_worse_than_it_looks/,CVE-2026-25253,1,author_description;title
,linux,anh0516,410,created_utc,2026-03-23T13:12:40+00:00,1774271560,updatedAt,2026-03-27T16:26:14.015000+00:00,1774628774,Canonical joins the Rust Foundation as a Gold Member,,https://reddit.com/r/linux/comments/1s1ghpw/canonical_joins_the_rust_foundation_as_a_gold/,CVE-2026-33056,1,comments[19].body;detectedCVEs[0].commentText;detectedCVEs[0].cveId[0];detectedCVEs[0].cveId[1]
,java,cyberamyntas,14,created_utc,2026-03-22T18:01:02+00:00,1774202462,updatedAt,2026-03-27T16:39:17.193000+00:00,1774629557,"Spring AI vector store has two HIGH injection vulns (CVE-2026-22729, CVE-2026-22730), upgrade to 1.0.4 or 1.1.3",,https://reddit.com/r/java/comments/1s0si5o/spring_ai_vector_store_has_two_high_injection/,CVE-2026-22729;CVE-2026-22730,2,title
,netsec,LostPrune2143,3,created_utc,2026-03-22T16:55:47+00:00,1774198547,updatedAt,2026-03-23T00:01:31.726000+00:00,1774224091,Langflow Got Hacked Twice Through the Same exec() Call - CVE-2026-33017 (CVSS 9.3) exploited in 20 hours with no public PoC,,https://reddit.com/r/netsec/comments/1s0qsxi/langflow_got_hacked_twice_through_the_same_exec/,CVE-2026-33017,1,title
,netsec,cyberamyntas,8,created_utc,2026-03-21T20:56:38+00:00,1774126598,updatedAt,2026-03-22T18:32:09.800000+00:00,1774204329,"ONNX Hub silent=True suppresses all trust verification, enabling supply chain attacks on ML model loading (CVE-2026-28500, CVSS 9.1, no patch available)",,https://reddit.com/r/netsec/comments/1s02jrq/onnx_hub_silenttrue_suppresses_all_trust/,CVE-2026-28500,1,author_description;title
,Python,cyberamyntas,0,created_utc,2026-03-21T20:55:23+00:00,1774126523,updatedAt,2026-03-22T20:42:33.415000+00:00,1774212153,PSA: onnx.hub.load(silent=True) suppresses ALL security warnings during model loading. CVE-2026-2850,,https://reddit.com/r/Python/comments/1s02in4/psa_onnxhubloadsilenttrue_suppresses_all_security/,CVE-2026-2850;CVE-2026-28500,2,author_description;title
,Wordpress,HostingAdmiral,12,created_utc,2026-03-21T16:23:50+00:00,1774110230,updatedAt,2026-03-23T00:40:39.584000+00:00,1774226439,It seems like automatic Wordpress updates are more necessary.,,https://reddit.com/r/Wordpress/comments/1rzvpax/it_seems_like_automatic_wordpress_updates_are/,CVE-2026-23550;CVE-2026-3906,2,author_description
,netsec,Kind-Release-3817,43,created_utc,2026-03-20T20:33:06+00:00,1774038786,updatedAt,2026-03-29T22:31:22.652000+00:00,1774823482,"Attack surface analysis of 5,121 MCP servers: 555 have toxic data flows where safe tools combine into dangerous paths",,https://reddit.com/r/netsec/comments/1rz7g4q/attack_surface_analysis_of_5121_mcp_servers_555/,CVE-2026-25253,1,comments[5].body
,netsec,cyberamyntas,27,created_utc,2026-03-20T17:40:56+00:00,1774028456,updatedAt,2026-03-29T22:31:22.846000+00:00,1774823482,"Claude Code workspace trust dialog bypass via repository settings loading order [CVE-2026-33068, CVSS 7.7]. Settings resolved before trust dialog shown.",,https://reddit.com/r/netsec/comments/1rz2xuw/claude_code_workspace_trust_dialog_bypass_via/,CVE-2026-33068,1,author_description;title
,openclaw,Puzzleh33t,1,created_utc,2026-03-20T17:10:23+00:00,1774026623,updatedAt,2026-03-21T00:01:23.931000+00:00,1774051283,Cisco found OpenClaw skills doing silent data exfiltration. I built a proxy that blocks it.,,https://reddit.com/r/openclaw/comments/1rz23za/cisco_found_openclaw_skills_doing_silent_data/,CVE-2026-25253,1,author_description
,sysadmin,nullbyte420,5,created_utc,2026-03-20T07:36:41+00:00,1773992201,updatedAt,2026-03-21T16:25:19.919000+00:00,1774110319,Oracle Identity Manager and Oracle Web Services Manager CVE 9.8 - CVE-2026-21992,,https://reddit.com/r/sysadmin/comments/1rypwei/oracle_identity_manager_and_oracle_web_services/,CVE-2026-21992,1,author_description;title
,debian,_fthx_,0,created_utc,2026-03-20T07:06:04+00:00,1773990364,updatedAt,2026-03-20T16:01:27.282000+00:00,1774022487,snapd CVE,,https://reddit.com/r/debian/comments/1rypev8/snapd_cve/,CVE-2026-3888,1,author_description
,sysadmin,iansaul,164,created_utc,2026-03-20T01:21:28+00:00,1773969688,updatedAt,2026-03-21T12:25:26.359000+00:00,1774095926,"First UniFi With a 10.0 CVE, Now ScreenConnect 9.0 CVE",,https://reddit.com/r/sysadmin/comments/1ryipfs/first_unifi_with_a_100_cve_now_screenconnect_90/,CVE-2026-22557;CVE-2026-3564,2,author_description
,LangChain,cyberamyntas,8,created_utc,2026-03-19T21:22:49+00:00,1773955369,updatedAt,2026-03-20T22:42:27.542000+00:00,1774046547,PSA: Two LangGraph checkpoint vulnerabilities disclosed -- unsafe msgpack deserialization (CVE-2026-28277) and Redis query injection (CVE-2026-27022). Patch details inside.,,https://reddit.com/r/LangChain/comments/1rycurg/psa_two_langgraph_checkpoint_vulnerabilities/,CVE-2026-27022;CVE-2026-27966;CVE-2026-28277;CVE-2026-32247,4,author_description;title
,netsec,dx7r__,102,created_utc,2026-03-19T20:23:35+00:00,1773951815,updatedAt,2026-03-29T22:31:24.659000+00:00,1774823484,A 32-Year-Old Bug Walks Into A Telnet Server (GNU inetutils Telnetd CVE-2026-32746) - watchTowr Labs,,https://reddit.com/r/netsec/comments/1ryban8/a_32yearold_bug_walks_into_a_telnet_server_gnu/,CVE-2026-32746,1,comments[11].body;comments[1].body;title
,netsec,cyberamyntas,11,created_utc,2026-03-19T19:37:58+00:00,1773949078,updatedAt,2026-03-22T02:31:10.453000+00:00,1774146670,"22 security advisories covering AI/ML infrastructure: 40 CVEs, 94 Sigma detection rules (MLflow, vLLM, PyTorch, Flowise, MCP servers, LangGraph, HuggingFace tooling)",,https://reddit.com/r/netsec/comments/1rya1ep/22_security_advisories_covering_aiml/,CVE-2026-2033;CVE-2026-22778;CVE-2026-24747;CVE-2026-2635;CVE-2026-27022;CVE-2026-27952;CVE-2026-27961;CVE-2026-28277;CVE-2026-30820;CVE-2026-31829;CVE-2026-31861;CVE-2026-31862;CVE-2026-31975,13,author_description
,netsec,tobywilmox,0,created_utc,2026-03-19T17:46:05+00:00,1773942365,updatedAt,2026-03-29T22:31:24.852000+00:00,1774823484,"we found a memory exhaustion CVE in a library downloaded 29 million times a month. AWS, DataHub, and Lightning AI are in the blast radius.",,https://reddit.com/r/netsec/comments/1ry79kw/we_found_a_memory_exhaustion_cve_in_a_library/,CVE-2025-58367,1,author_description
,linux,ExaHamza,0,created_utc,2026-03-19T14:07:05+00:00,1773929225,updatedAt,2026-03-19T20:01:20.901000+00:00,1773950480,High severity systemd bug in Ubuntu: local root privilege escalation (CVE-2026-3888),,https://reddit.com/r/linux/comments/1ry1cu9/high_severity_systemd_bug_in_ubuntu_local_root/,CVE-2026-3888,1,comments[0].body;title
,netsec,MegaManSec2,7,created_utc,2026-03-19T13:44:34+00:00,1773927874,updatedAt,2026-03-29T22:31:28.166000+00:00,1774823488,OpenSIPS SQL Injection to Authentication Bypass (CVE-2026-25554),,https://reddit.com/r/netsec/comments/1ry0sfo/opensips_sql_injection_to_authentication_bypass/,CVE-2026-25554,1,title
,netsec,Ok-Constant6488,23,created_utc,2026-03-19T12:55:35+00:00,1773924935,updatedAt,2026-03-29T22:31:29.488000+00:00,1774823489,"A timeline of MCP security breaches: Tool poisoning, RCE via mcp-remote, sandbox escapes, and 7,000+ exposed servers",,https://reddit.com/r/netsec/comments/1rxznrs/a_timeline_of_mcp_security_breaches_tool/,CVE-2025-53109,1,comments[0].body;detectedCVEs[0].commentText;detectedCVEs[0].cveId[0]
,netsec,appsec1337,4,created_utc,2026-03-19T12:35:09+00:00,1773923709,updatedAt,2026-03-29T22:31:30.339000+00:00,1774823490,CVE-2026-22729: JSONPath Injection in Spring AI’s PgVectorStore,,https://reddit.com/r/netsec/comments/1rxz7tl/cve202622729_jsonpath_injection_in_spring_ais/,CVE-2026-22729,1,title
,netsec,_cydave,5,created_utc,2026-03-19T09:18:05+00:00,1773911885,updatedAt,2026-03-29T22:31:31.245000+00:00,1774823491,Kanboard Authenticated SQL Injection CVE-2026-33058 Writeup,,https://reddit.com/r/netsec/comments/1rxvkva/kanboard_authenticated_sql_injection_cve202633058/,CVE-2026-33058,1,title
,netsec,appsec1337,9,created_utc,2026-03-19T08:47:35+00:00,1773910055,updatedAt,2026-03-29T22:31:32.160000+00:00,1774823492,CVE-2026-22730: SQL Injection in Spring AI’s MariaDB Vector Store,,https://reddit.com/r/netsec/comments/1rxv3nu/cve202622730_sql_injection_in_spring_ais_mariadb/,CVE-2026-22730,1,title
,pytorch,Human_Mode6633,2,created_utc,2026-03-19T03:26:35+00:00,1773890795,updatedAt,2026-03-22T22:42:48.650000+00:00,1774219368,PSA — CVE-2025-32434 critical RCE in PyTorch ≤2.5.1 (weights_only=True bypass),,https://reddit.com/r/pytorch/comments/1rxpjcz/psa_cve202532434_critical_rce_in_pytorch_251/,CVE-2025-32434,1,title
,netsec,si9int,26,created_utc,2026-03-19T00:38:41+00:00,1773880721,updatedAt,2026-03-28T18:31:51.469000+00:00,1774722711,Ubtuntu 24.04+ Snapd Local Privilege Escalation (CVE-2026-3888),,https://reddit.com/r/netsec/comments/1rxlr0y/ubtuntu_2404_snapd_local_privilege_escalation/,CVE-2026-3888,1,title
,netsec,pwnguide,47,created_utc,2026-03-19T00:15:39+00:00,1773879339,updatedAt,2026-03-27T10:31:54.930000+00:00,1774607514,CVE-2026-32746 GNU telnetd Buffer Overflow PoC - Critical (9.8),,https://reddit.com/r/netsec/comments/1rxl75t/cve202632746_gnu_telnetd_buffer_overflow_poc/,CVE-2026-32746,1,title
,homelab,ImmaZoni,466,created_utc,2026-03-19T00:14:39+00:00,1773879279,updatedAt,2026-03-19T12:29:58.569000+00:00,1773923398,PSA: UniFi Network Application Vulnerability Disclosed,,https://reddit.com/r/homelab/comments/1rxl68p/psa_unifi_network_application_vulnerability/,CVE-2026-22557;CVE-2026-22558,2,comments[0].body;first_author_comment
,java,jr_entrepreneur,26,created_utc,2026-03-18T22:16:27+00:00,1773872187,updatedAt,2026-03-25T12:41:01.892000+00:00,1774442461,Spring AI CVEs (CVE-2026-22729 and CVE-2026-22730) are concerning given the timeline to get off Spring Boot 3.5 before June,,https://reddit.com/r/java/comments/1rxi6gx/spring_ai_cves_cve202622729_and_cve202622730_are/,CVE-2026-22729;CVE-2026-22730,2,author_description;title
,sysadmin,Hot-Independence-985,80,created_utc,2026-03-17T20:07:12+00:00,1773778032,updatedAt,2026-03-18T14:25:20.023000+00:00,1773843920,CVE-2025-66413: Git for Windows NTLM Hash Theft. Check your machines.,,https://reddit.com/r/sysadmin/comments/1rwhsow/cve202566413_git_for_windows_ntlm_hash_theft/,CVE-2025-66413,1,author_description;title
,netsec,Jaded_Unit_1223,51,created_utc,2026-03-17T19:34:51+00:00,1773776091,updatedAt,2026-03-26T14:33:27.624000+00:00,1774535607,CVE-2025-59284: How reading a gnu manpage led to a Windows NetNTLM phishing exploit,,https://reddit.com/r/netsec/comments/1rwguw8/cve202559284_how_reading_a_gnu_manpage_led_to_a/,CVE-2025-59284,1,title
,homelab,Apprehensive_Nose162,0,created_utc,2026-03-17T00:39:47+00:00,1773707987,updatedAt,2026-03-17T12:30:37.504000+00:00,1773750637,"Hackable II Purple Team Writeup: From Anonymous FTP login to Root, and What Security Onion Saw",,https://reddit.com/r/homelab/comments/1rvrszo/hackable_ii_purple_team_writeup_from_anonymous/,CVE-2021-4034,1,author_description
,node,Responsible-Fan7285,0,created_utc,2026-03-15T13:56:34+00:00,1773582994,updatedAt,2026-03-17T00:38:13.025000+00:00,1773707893,I built a tool that visualizes your package-lock.json as an interactive vulnerability graph,,https://reddit.com/r/node/comments/1rueoqd/i_built_a_tool_that_visualizes_your/,CVE-2025-59472,1,author_description
,Fedora,MasterDokuro,3,created_utc,2026-03-15T09:35:23+00:00,1773567323,updatedAt,2026-03-17T10:34:12.530000+00:00,1773743652,Anyone else seeing fwupdmgr reporting a failed update ?,,https://reddit.com/r/Fedora/comments/1ru9sx6/anyone_else_seeing_fwupdmgr_reporting_a_failed/,CVE-2025-20080;CVE-2025-27708;CVE-2025-32008,3,author_description
,netsec,cypressthatkid,2,created_utc,2026-03-15T06:35:33+00:00,1773556533,updatedAt,2026-03-24T12:32:49.583000+00:00,1774355569,CVE-2024-45163: Remote DoS in Mirai C2 – research writeup + what it led me to build,,https://reddit.com/r/netsec/comments/1ru6xxl/cve202445163_remote_dos_in_mirai_c2_research/,CVE-2024-45163,1,title
,FastAPI,PA100T0,25,created_utc,2026-03-13T22:35:42+00:00,1773441342,updatedAt,2026-03-24T22:40:18.323000+00:00,1774392018,Why fastapi-guard,,https://reddit.com/r/FastAPI/comments/1rt21xm/why_fastapiguard/,CVE-2026-25253,1,author_description
,sysadmin,Lick_A_Brick,7,created_utc,2026-03-12T08:43:47+00:00,1773305027,updatedAt,2026-03-16T00:01:17.749000+00:00,1773619277,HPE Aruba Networking AOS-CX Multiple Vulnerabilities,,https://reddit.com/r/sysadmin/comments/1rrld2x/hpe_aruba_networking_aoscx_multiple/,CVE-2026-23813;CVE-2026-23814;CVE-2026-23815;CVE-2026-23816;CVE-2026-23817,5,author_description
,netsec,WatugotOfficial,47,created_utc,2026-03-11T07:02:46+00:00,1773212566,updatedAt,2026-03-19T16:32:10.603000+00:00,1773937930,CVE-2026-28292: RCE in simple-git via case-sensitivity bypass (CVSS 9.8),,https://reddit.com/r/netsec/comments/1rqmrer/cve202628292_rce_in_simplegit_via_casesensitivity/,CVE-2026-28292;CVE-2026-29000,2,author_description;title
,netsec,Fun_Preference1113,14,created_utc,2026-03-11T06:18:23+00:00,1773209903,updatedAt,2026-03-19T16:32:10.802000+00:00,1773937930,CVE-2026-26117: Hijacking Azure Arc on Windows for Local Privilege Escalation &amp; Cloud Identity Takeover,,https://reddit.com/r/netsec/comments/1rqm1lr/cve202626117_hijacking_azure_arc_on_windows_for/,CVE-2026-26117,1,author_description;title
,SecurityCamera,RealSimoneAvogadro,0,created_utc,2026-03-10T17:51:47+00:00,1773165107,updatedAt,2026-03-19T00:32:35.329000+00:00,1773880355,CloudEdge/Meari CVE and status on the dark web?,,https://reddit.com/r/SecurityCamera/comments/1rq3z6o/cloudedgemeari_cve_and_status_on_the_dark_web/,CVE-2025-11757,1,author_description
,netsec,ulldma,77,created_utc,2026-03-09T16:17:49+00:00,1773073069,updatedAt,2026-03-19T12:32:17.211000+00:00,1773923537,Sign in with ANY password into Rocket.Chat EE (CVE-2026-28514) and other vulnerabilities we’ve found with our open source AI framework,,https://reddit.com/r/netsec/comments/1rp4lyj/sign_in_with_any_password_into_rocketchat_ee/,CVE-2026-28514,1,title
,netsec,maurosoria,35,created_utc,2026-03-06T22:42:41+00:00,1772836961,updatedAt,2026-03-19T00:31:57.673000+00:00,1773880317,A Race Within A Race: Exploiting CVE-2025-38617 in Linux Packet Sockets,,https://reddit.com/r/netsec/comments/1rmsmhg/a_race_within_a_race_exploiting_cve202538617_in/,CVE-2025-38617,1,title
,github,charankmed,7,created_utc,2026-03-06T13:46:22+00:00,1772804782,updatedAt,2026-03-06T20:01:27.196000+00:00,1772827287,We found a CVSS 10.0 in an open source library. The maintainer shipped patches in 2 days. This is how disclosure should work,,https://reddit.com/r/github/comments/1rmeedn/we_found_a_cvss_100_in_an_open_source_library_the/,CVE-2026-29000,1,author_description
,sysadmin,ParsleyHefty2938,41,created_utc,2026-03-06T06:11:34+00:00,1772777494,updatedAt,2026-03-06T20:25:18.498000+00:00,1772828718,"Cisco Catalyst SD WAN just got hit with active exploits, seriously reconsidering our whole setup now, Done with it.",,https://reddit.com/r/sysadmin/comments/1rm660l/cisco_catalyst_sd_wan_just_got_hit_with_active/,CVE-2026-20122;CVE-2026-20127;CVE-2026-20128,3,author_description
,homelab,rexcardinal,0,created_utc,2026-03-05T15:53:05+00:00,1772725985,updatedAt,2026-03-06T00:29:52.737000+00:00,1772756992,Checked every device on my homelab against NVD. Three cameras with critical CVEs. Two with public exploits. None of it showing up in Grafana or Unifi.,,https://reddit.com/r/homelab/comments/1rll5dw/checked_every_device_on_my_homelab_against_nvd/,CVE-2021-28372;CVE-2022-27624,2,author_description
,sysadmin,Mobile_Tap6145,172,created_utc,2026-03-05T14:09:47+00:00,1772719787,updatedAt,2026-03-06T00:25:28.648000+00:00,1772756728,CVSS 10.0 auth bypass in pac4j-jwt - anyone here running pac4j in their stack?,,https://reddit.com/r/sysadmin/comments/1rlikxp/cvss_100_auth_bypass_in_pac4jjwt_anyone_here/,CVE-2026-29000,1,author_description
,sysadmin,WatugotOfficial,113,created_utc,2026-03-05T14:00:22+00:00,1772719222,updatedAt,2026-03-06T00:25:28.840000+00:00,1772756728,"If you're running Java services on AWS that use pac4j-jwt, new CVSS 10.0 auth bypass",,https://reddit.com/r/sysadmin/comments/1rlickf/if_youre_running_java_services_on_aws_that_use/,CVE-2026-29000,1,author_description
,netsec,dx7r__,64,created_utc,2026-03-03T14:15:59+00:00,1772547359,updatedAt,2026-03-16T14:31:55.625000+00:00,1773671515,"Sometimes, You Can Just Feel The Security In The Design (Junos OS Evolved CVE-2026-21902 RCE) - watchTowr Labs",,https://reddit.com/r/netsec/comments/1rjqfwy/sometimes_you_can_just_feel_the_security_in_the/,CVE-2026-21902,1,title
,linux,FryBoyter,686,created_utc,2026-02-28T08:40:06+00:00,1772268006,updatedAt,2026-03-02T16:29:45.027000+00:00,1772468985,sudo-rs shows password asterisks by default – break with Unix tradition,,https://reddit.com/r/linux/comments/1rgxjcw/sudors_shows_password_asterisks_by_default_break/,CVE-2019-18634,1,comments[69].body
,c#,Vivek Nuna,-5,created_utc,2026-02-27T18:59:39+00:00,1772218779,updatedAt,2026-03-06T20:25:05.797000+00:00,1772828705,High Security Vulnerability Microsoft.PowerShell.Native v7.0.0,,https://stackoverflow.com/questions/79898063/high-security-vulnerability-microsoft-powershell-native-v7-0-0,CVE-2024-0057,1,author_description
,elasticsearch,Particular_Heart7289,2,created_utc,2026-02-27T08:16:48+00:00,1772180208,updatedAt,2026-03-18T18:39:13.868000+00:00,1773859153,Building a Production CVE Intelligence Engine with Hybrid Retrieval and Jina Reranker on Elasticsearch,,https://reddit.com/r/elasticsearch/comments/1rg0yya/building_a_production_cve_intelligence_engine/,,0,
,hardwarehacking,WiseTuna,4,created_utc,2026-02-26T20:23:38+00:00,1772137418,updatedAt,2026-03-06T18:32:09.194000+00:00,1772821929,From DDS Packets to Robot Shells: Two RCEs in Unitree Robots (CVE-2026-27509 &amp; CVE-2026-27510),,https://reddit.com/r/hardwarehacking/comments/1rfl9yr/from_dds_packets_to_robot_shells_two_rces_in/,CVE-2026-27509;CVE-2026-27510,2,title
,netsec,WiseTuna,11,created_utc,2026-02-26T19:19:02+00:00,1772133542,updatedAt,2026-03-06T18:31:36.080000+00:00,1772821896,From DDS Packets to Robot Shells: Two RCEs in Unitree Robots (CVE-2026-27509 &amp; CVE-2026-27510),,https://reddit.com/r/netsec/comments/1rfjjfc/from_dds_packets_to_robot_shells_two_rces_in/,CVE-2026-27509;CVE-2026-27510,2,title
,WebRTC,EnableSecurity,13,created_utc,2026-02-26T04:06:02+00:00,1772078762,updatedAt,2026-03-20T22:49:28.879000+00:00,1774046968,TURN server security best practices + coturn hardening guide with copy-paste configs,,https://reddit.com/r/WebRTC/comments/1rf02fw/turn_server_security_best_practices_coturn/,CVE-2026-27624,1,comments[0].body;first_author_comment
,netsec,AlmondOffSec,7,created_utc,2026-02-20T11:59:22+00:00,1771588762,updatedAt,2026-03-06T18:31:55.504000+00:00,1772821915,Discovery &amp; Analysis of CVE-2025-29969,,https://reddit.com/r/netsec/comments/1r9th6w/discovery_analysis_of_cve202529969/,CVE-2025-29969,1,title
,netsec,AlmondOffSec,42,created_utc,2026-02-19T15:38:01+00:00,1771515481,updatedAt,2026-03-06T18:31:56.402000+00:00,1772821916,[CVE-2026-0714] TPM-sniffing LUKS Keys on an Embedded Device,,https://reddit.com/r/netsec/comments/1r92evr/cve20260714_tpmsniffing_luks_keys_on_an_embedded/,CVE-2026-0714,1,title
,netsec,Mempodipper,69,created_utc,2026-02-17T00:34:23+00:00,1771288463,updatedAt,2026-03-27T16:30:32.425000+00:00,1774629032,Almost Impossible: Java Deserialization Through Broken Crypto in OpenText Directory Services,,https://reddit.com/r/netsec/comments/1r6r7no/almost_impossible_java_deserialization_through/,CVE-2025-15579,1,comments[2].body;detectedCVEs[0].commentText;detectedCVEs[0].cveId[0]
,MicrosoftEdge,Nervous-Equivalent,7,created_utc,2026-02-16T22:56:57+00:00,1771282617,updatedAt,2026-02-17T20:31:11.058000+00:00,1771360271,Edge v145.0.3800.58 - No Release Notes,,https://reddit.com/r/MicrosoftEdge/comments/1r6our7/edge_v1450380058_no_release_notes/,CVE-2026-2441,1,author_description
,kubernetes,viccuad,5,created_utc,2026-02-16T16:46:15+00:00,1771260375,updatedAt,2026-02-17T20:30:22.474000+00:00,1771360222,Kubewarden not affected by cross-ns privilege escalation via policy api call,,https://reddit.com/r/kubernetes/comments/1r6eq9j/kubewarden_not_affected_by_crossns_privilege/,CVE-2026-22039,1,author_description
,MicrosoftEdge,IndividualRevenue995,0,created_utc,2026-02-15T10:43:31+00:00,1771152211,updatedAt,2026-02-17T20:31:16.025000+00:00,1771360276,Zero-Day EXPLOIT (CVE-2026-441): Is Your Crypto Wallet at Risk?,,https://reddit.com/r/MicrosoftEdge/comments/1r5bn1t/zeroday_exploit_cve2026441_is_your_crypto_wallet/,CVE-2026-2441,1,comments[0].body
,kubernetes,RemmeM89,73,created_utc,2026-02-13T23:42:45+00:00,1771026165,updatedAt,2026-02-17T20:30:26.243000+00:00,1771360226,CVE-2026-22039: How an admission controller vulnerability turned Kubernetes namespaces into a security illusion,,https://reddit.com/r/kubernetes/comments/1r44yxo/cve202622039_how_an_admission_controller/,CVE-2026-22039,1,author_description;title
,sysadmin,IncidentSpecial5053,3,created_utc,2026-02-13T18:03:12+00:00,1771005792,updatedAt,2026-02-14T16:01:51.304000+00:00,1771084911,BeyondTrust Gets Hit Again: Pre-Auth RCE in Remote Support Tools,,https://reddit.com/r/sysadmin/comments/1r3wb9v/beyondtrust_gets_hit_again_preauth_rce_in_remote/,CVE-2026-1731,1,author_description
,WebRTC,EnableSecurity,16,created_utc,2026-02-12T10:24:04+00:00,1770891844,updatedAt,2026-03-20T22:49:31.416000+00:00,1774046971,TURN Security Threats: A Hacker's View,,https://reddit.com/r/WebRTC/comments/1r2pwqn/turn_security_threats_a_hackers_view/,CVE-2020-26262,1,comments[0].body;first_author_comment
,software,IncidentSpecial5053,1,created_utc,2026-02-11T15:20:47+00:00,1770823247,updatedAt,2026-02-12T08:31:37.929000+00:00,1770885097,Microsoft's Notepad Got Pwned,,https://reddit.com/r/software/comments/1r20649/microsofts_notepad_got_pwned/,CVE-2026-20841,1,author_description
,sysadmin,theevilsharpie,1083,created_utc,2026-02-11T11:49:54+00:00,1770810594,updatedAt,2026-02-12T22:37:25.856000+00:00,1770935845,Windows Notepad App Remote Code Execution Vulnerability,,https://reddit.com/r/sysadmin/comments/1r1vaon/windows_notepad_app_remote_code_execution/,CVE-2026-20841,1,author_description
,rust,Independent-Car-1560,1,created_utc,2026-02-10T17:10:44+00:00,1770743444,updatedAt,2026-02-11T12:01:36.400000+00:00,1770811296,Seeking Debian packaging help for mp3rgain (Rust-based mp3gain replacement),,https://reddit.com/r/rust/comments/1r16lyb/seeking_debian_packaging_help_for_mp3rgain/,CVE-2023-49356,1,author_description
,sysadmin,OkLog5841,1,created_utc,2026-02-10T08:58:24+00:00,1770713904,updatedAt,2026-02-10T20:01:22.308000+00:00,1770753682,CVE-2023-28303,,https://reddit.com/r/sysadmin/comments/1r0vsoc/cve202328303/,CVE-2023-28303,1,title
,sysadmin,ajscott,54,created_utc,2026-02-09T20:30:31+00:00,1770669031,updatedAt,2026-02-10T16:34:57.282000+00:00,1770741297,Patch available for 9.9 CVE in BeyondTrust Remote Support and PRA,,https://reddit.com/r/sysadmin/comments/1r0flm2/patch_available_for_99_cve_in_beyondtrust_remote/,CVE-2026-1731,1,author_description
,openclaw,amadale,1,created_utc,2026-02-08T12:10:09+00:00,1770552609,updatedAt,2026-02-09T12:01:36.373000+00:00,1770638496,"OpenClaw has no open-source runtime defense. I'm a farmer, not a developer — but after 12 hours with multiple AIs, I built one. Here's how.",,https://reddit.com/r/openclaw/comments/1qz7c5h/openclaw_has_no_opensource_runtime_defense_im_a/,CVE-2026-25253,1,author_description
,Python,Zh00_dev,0,created_utc,2026-02-07T01:17:37+00:00,1770427057,updatedAt,2026-02-08T14:31:03.825000+00:00,1770561063,Async file I/O powered by Libuv,,https://reddit.com/r/Python/comments/1qy036y/async_file_io_powered_by_libuv/,,0,
,openclaw,PlatypusCertain1758,13,created_utc,2026-02-05T21:29:51+00:00,1770326991,updatedAt,2026-02-06T20:01:40.385000+00:00,1770408100,Openclaw has been compromised 341+ times with malicious skills. here's what I did about it.,,https://reddit.com/r/openclaw/comments/1qwya1s/openclaw_has_been_compromised_341_times_with/,CVE-2025-6514,1,author_description
,linux,adriano26,452,created_utc,2026-02-02T14:35:23+00:00,1770042923,updatedAt,2026-02-04T18:30:11.744000+00:00,1770229811,"Rust Coreutils Continues Working Toward 100% GNU Compatibility, Proving Trolls Wrong",,https://reddit.com/r/linux/comments/1qtwoo1/rust_coreutils_continues_working_toward_100_gnu/,CVE-2025-5278,1,comments[43].body
,Wordpress,Patient_Fail_6241,21,created_utc,2026-01-29T02:57:09+00:00,1769655429,updatedAt,2026-01-30T10:33:18.547000+00:00,1769769198,"Brevo for WooCommerce plugin stored XSS led to rogue admin user ""woocommerce_bot@gmail.com"" – anyone else seen this?",,https://reddit.com/r/Wordpress/comments/1qpwn4w/brevo_for_woocommerce_plugin_stored_xss_led_to/,CVE-2025-14436,1,author_description
,django,felix-thebest,0,created_utc,2026-01-23T08:20:52+00:00,1769156452,updatedAt,2026-01-26T22:28:12.623000+00:00,1769466492,I built a tool for scanning web apps vulnerabilities - Please let me know what you think,,https://reddit.com/r/django/comments/1qklaj0/i_built_a_tool_for_scanning_web_apps/,CVE-2025-55182;CVE-2025-66478,2,author_description
,linux,anh0516,670,created_utc,2026-01-18T19:06:30+00:00,1768763190,updatedAt,2026-01-22T08:28:46.714000+00:00,1769070526,CVE-2026-0915: GNU C Library Fixes A Security Issue Present Since 1996,,https://reddit.com/r/linux/comments/1qgh9po/cve20260915_gnu_c_library_fixes_a_security_issue/,CVE-2026-0915,1,title
,node,mcdotdotdot,22,created_utc,2026-01-18T16:27:28+00:00,1768753648,updatedAt,2026-01-21T08:29:04.061000+00:00,1768984144,Managing 30+ Node.js projects - how do you track CVE vulnerabilities?,,https://reddit.com/r/node/comments/1qgcznb/managing_30_nodejs_projects_how_do_you_track_cve/,CVE-2025-64756,1,author_description
,Bitcoin,iredni,22,created_utc,2026-01-02T13:24:02+00:00,1767360242,updatedAt,2026-01-03T20:01:44.701000+00:00,1767470504,"Ever wondered how those ""weak key"" exploits actually work? I made a research tool for it",,https://reddit.com/r/Bitcoin/comments/1q1yicy/ever_wondered_how_those_weak_key_exploits/,CVE-2023-39910,1,author_description
,Android,Federal-Block-3275,408,created_utc,2025-12-29T14:09:02+00:00,1767017342,updatedAt,2026-01-02T04:26:00.873000+00:00,1767327960,Nearly a billion active Android devices are security targets due to outdated software,,https://reddit.com/r/Android/comments/1pyn777/nearly_a_billion_active_android_devices_are/,CVE-2022-38694;CVE-2025-48593,2,comments[26].body;comments[62].body
,AerynOS,NomadicCore,14,created_utc,2025-12-27T23:06:55+00:00,1766876815,updatedAt,2026-02-12T22:25:38.795000+00:00,1770935138,"Unstable stream updates: 27th of December, 2025 · AerynOS · Discussion #123",,https://reddit.com/r/AerynOS/comments/1pxbd0u/unstable_stream_updates_27th_of_december_2025/,CVE-2025-9615,1,author_description
,Wordpress,Lazy-Painting-8036,8,created_utc,2025-12-24T06:19:31+00:00,1766557171,updatedAt,2025-12-26T02:28:36.509000+00:00,1766716116,WordPress VPS keeps getting suspended for DDoS / crypto mining,,https://reddit.com/r/Wordpress/comments/1pugekb/wordpress_vps_keeps_getting_suspended_for_ddos/,CVE-2025-55182;CVE-2025-66478,2,author_description
,linux,sash20,977,created_utc,2025-12-17T21:20:57+00:00,1766006457,updatedAt,2026-03-27T16:26:22.325000+00:00,1774628782,Linux Kernel Rust Code Sees Its First CVE Vulnerability,,https://reddit.com/r/linux/comments/1pp8h3d/linux_kernel_rust_code_sees_its_first_cve/,CVE-2025-68260,1,comments[50].body;detectedCVEs[0].commentText;detectedCVEs[0].cveId[0]
,linux,hotcornballer,355,created_utc,2025-12-17T18:42:20+00:00,1765996940,updatedAt,2025-12-19T22:31:38.384000+00:00,1766183498,"Well, new vulnerability in the rust code",,https://reddit.com/r/linux/comments/1pp4f8j/well_new_vulnerability_in_the_rust_code/,,0,
,rust,Orange_Tux,504,created_utc,2025-12-17T18:23:57+00:00,1765995837,updatedAt,2026-03-27T16:36:39.295000+00:00,1774629399,Linux Kernel Rust Code Sees Its First CVE Vulnerability,,https://reddit.com/r/rust/comments/1pp3y9e/linux_kernel_rust_code_sees_its_first_cve/,CVE-2025-68260,1,comments[19].body;detectedCVEs[0].commentText;detectedCVEs[0].cveId[0]
,react,No_River_8171,0,created_utc,2025-12-16T09:53:03+00:00,1765878783,updatedAt,2025-12-17T14:33:50.248000+00:00,1765982030,Any toughts on Exploit React2Shell ?(CVE-2025-55182),,https://reddit.com/r/react/comments/1pny3ge/any_toughts_on_exploit_react2shell_cve202555182/,CVE-2025-55182,1,title
,linux,FryBoyter,226,created_utc,2025-12-12T08:44:31+00:00,1765529071,updatedAt,2025-12-14T00:28:46.320000+00:00,1765672126,Gogs (self-hosted Git service written in Go) Zero-Day RCE (CVE-2025-8110) Actively Exploited,,https://reddit.com/r/linux/comments/1pkn2ms/gogs_selfhosted_git_service_written_in_go_zeroday/,CVE-2025-8110,1,title
,node,EvolMake,53,created_utc,2025-12-11T14:54:13+00:00,1765464853,updatedAt,2025-12-15T06:28:37.693000+00:00,1765780117,Any server side js code like `obj[userInput1][userInput2](userInput3)()` is vulnerable,,https://reddit.com/r/node/comments/1pjzh47/any_server_side_js_code_like/,CVE-2025-55182,1,author_description
,coolify,HugoDos,1,created_utc,2025-12-09T18:31:17+00:00,1765305077,updatedAt,2026-01-05T22:27:43.580000+00:00,1767652063,CVE-2025-55182 known as React2Shell Free Blocklist,,https://reddit.com/r/coolify/comments/1pif5oy/cve202555182_known_as_react2shell_free_blocklist/,CVE-2025-55182,1,author_description;title
,linux,formegadriverscustom,817,created_utc,2025-12-09T08:59:36+00:00,1765270776,updatedAt,2025-12-11T14:30:06.776000+00:00,1765463406,libxml2 is now officially unmaintained,,https://reddit.com/r/linux/comments/1pi2qcp/libxml2_is_now_officially_unmaintained/,CVE-2025-49796,1,comments[40].body
,javascript,subredditsummarybot,2,created_utc,2025-12-08T10:06:35+00:00,1765188395,updatedAt,2025-12-13T22:28:05.411000+00:00,1765664885,"Your /r/javascript recap for the week of December 01 - December 07, 2025",,https://reddit.com/r/javascript/comments/1ph8qgx/your_rjavascript_recap_for_the_week_of_december/,CVE-2025-55182,1,author_description
,react,Unlikely-Lab-728,36,created_utc,2025-12-06T20:14:02+00:00,1765052042,updatedAt,2025-12-08T22:35:24.542000+00:00,1765233324,Security Check Recommended (CVE-2025-55182): Please review your application's dependencies. If you are running React or Next.js,,https://reddit.com/r/react/comments/1pfyta0/security_check_recommended_cve202555182_please/,CVE-2025-55182,1,author_description;title
